"Data","Produto","Quantidade","Custo","Valor","Cliente","Endereco","Pagamento","Modalidade","Total","Liquido"
2021-06-18 04:59:11,"Produto 1",2,25,20,"Cliente 2","Endereco 8","Debito","Local",40,-10
2021-06-28 11:35:50,"Produto 1",2,13,37,"Cliente 5","Endereco 8","Debito","Retirada",74,48
2021-06-21 19:07:38,"Produto 3",2,15,20,"Cliente 4","Endereco 7","Debito","Retirada",40,10
2021-06-13 12:04:25,"Produto 1",5,13,37,"Cliente 7","Endereco 8","Debito","Local",185,120
2021-06-11 01:40:36,"Produto 5",2,13,17,"Cliente 10","Endereco 8","Dinheiro","Delivery",34,8
2021-06-12 04:43:17,"Produto 1",2,15,20,"Cliente 6","Endereco 5","Dinheiro","Local",40,10
2021-06-21 01:04:21,"Produto 3",2,13,32,"Cliente 5","Endereco 2","Dinheiro","Delivery",64,38
2021-06-20 14:40:24,"Produto 3",2,25,20,"Cliente 7","Endereco 7","Dinheiro","Local",40,-10
2021-06-19 08:36:32,"Produto 1",2,13,17,"Cliente 2","Endereco 6","Debito","Local",34,8
2021-06-15 17:34:47,"Produto 4",2,15,32,"Cliente 4","Endereco 7","Credito","Delivery",64,34
2021-06-20 16:58:53,"Produto 1",4,13,28,"Cliente 10","Endereco 7","Dinheiro","Delivery",112,60
2021-06-25 00:07:03,"Produto 1",5,17,37,"Cliente 2","Endereco 7","Dinheiro","Retirada",185,100
2021-06-15 00:56:06,"Produto 1",2,13,20,"Cliente 10","Endereco 5","Credito","Retirada",40,14
2021-06-24 21:56:35,"Produto 1",2,17,37,"Cliente 6","Endereco 3","Credito","Local",74,40
2021-07-01 16:13:23,"Produto 4",4,17,28,"Cliente 6","Endereco 10","Dinheiro","Delivery",112,44
2021-06-13 14:40:36,"Produto 3",2,25,37,"Cliente 10","Endereco 9","Credito","Retirada",74,24
2021-06-17 04:25:38,"Produto 5",4,25,32,"Cliente 3","Endereco 3","Dinheiro","Local",128,28
2021-06-21 21:24:21,"Produto 1",2,28,17,"Cliente 6","Endereco 9","Dinheiro","Local",34,-22
2021-06-23 01:35:57,"Produto 4",5,17,37,"Cliente 9","Endereco 3","Credito","Local",185,100
2021-06-25 00:03:27,"Produto 1",5,13,20,"Cliente 7","Endereco 4","Credito","Retirada",100,35
2021-06-29 23:34:45,"Produto 3",5,17,17,"Cliente 4","Endereco 5","Credito","Retirada",85,0
2021-06-21 20:47:50,"Produto 5",5,15,37,"Cliente 6","Endereco 3","Credito","Local",185,110
2021-06-17 04:15:03,"Produto 1",2,28,20,"Cliente 6","Endereco 10","Dinheiro","Delivery",40,-16
2021-06-22 20:19:04,"Produto 5",5,15,17,"Cliente 3","Endereco 10","Credito","Retirada",85,10
2021-06-21 22:55:15,"Produto 3",2,17,37,"Cliente 10","Endereco 7","Dinheiro","Local",74,40
2021-06-22 05:38:57,"Produto 3",4,28,32,"Cliente 10","Endereco 2","Dinheiro","Local",128,16
2021-06-20 22:57:50,"Produto 1",5,15,17,"Cliente 2","Endereco 6","Debito","Retirada",85,10
2021-06-24 02:56:20,"Produto 5",4,13,17,"Cliente 5","Endereco 6","Debito","Delivery",68,16
2021-06-30 08:38:47,"Produto 2",2,15,32,"Cliente 6","Endereco 3","Dinheiro","Delivery",64,34
2021-06-18 10:34:16,"Produto 3",4,13,20,"Cliente 10","Endereco 9","Debito","Local",80,28
2021-06-21 09:34:07,"Produto 3",2,25,37,"Cliente 1","Endereco 10","Credito","Local",74,24
2021-06-19 02:15:05,"Produto 5",2,13,32,"Cliente 9","Endereco 6","Dinheiro","Delivery",64,38
2021-06-29 04:24:42,"Produto 3",5,13,28,"Cliente 10","Endereco 6","Credito","Delivery",140,75
2021-06-18 05:50:36,"Produto 5",2,25,28,"Cliente 6","Endereco 9","Dinheiro","Local",56,6
2021-06-28 23:12:34,"Produto 2",4,28,20,"Cliente 10","Endereco 10","Dinheiro","Delivery",80,-32
2021-06-16 00:19:04,"Produto 1",2,17,28,"Cliente 4","Endereco 4","Dinheiro","Delivery",56,22
2021-06-20 03:15:03,"Produto 4",2,15,32,"Cliente 4","Endereco 7","Credito","Retirada",64,34
2021-06-15 01:35:49,"Produto 2",5,15,37,"Cliente 10","Endereco 4","Credito","Retirada",185,110
2021-06-25 01:48:24,"Produto 4",2,13,32,"Cliente 6","Endereco 1","Dinheiro","Delivery",64,38
2021-06-21 23:37:52,"Produto 3",2,15,17,"Cliente 2","Endereco 1","Dinheiro","Retirada",34,4
2021-06-20 02:26:07,"Produto 5",2,25,17,"Cliente 10","Endereco 1","Credito","Local",34,-16
2021-06-19 12:22:45,"Produto 4",5,15,32,"Cliente 10","Endereco 7","Debito","Delivery",160,85
2021-06-19 03:04:59,"Produto 3",2,13,20,"Cliente 7","Endereco 3","Debito","Retirada",40,14
2021-06-21 08:29:15,"Produto 2",2,15,28,"Cliente 3","Endereco 7","Debito","Delivery",56,26
2021-06-22 03:33:32,"Produto 1",2,17,37,"Cliente 4","Endereco 7","Debito","Retirada",74,40
2021-06-19 21:35:26,"Produto 3",2,13,37,"Cliente 7","Endereco 8","Dinheiro","Delivery",74,48
2021-06-15 11:12:17,"Produto 4",5,25,28,"Cliente 6","Endereco 8","Credito","Retirada",140,15
2021-06-14 09:34:25,"Produto 3",4,17,28,"Cliente 5","Endereco 7","Dinheiro","Retirada",112,44
2021-06-21 08:06:16,"Produto 5",4,13,32,"Cliente 8","Endereco 9","Credito","Retirada",128,76
2021-06-11 18:28:45,"Produto 2",4,17,28,"Cliente 5","Endereco 4","Credito","Delivery",112,44
2021-06-22 08:48:02,"Produto 1",5,13,17,"Cliente 6","Endereco 1","Credito","Retirada",85,20
2021-06-24 14:52:54,"Produto 4",5,13,37,"Cliente 3","Endereco 7","Credito","Retirada",185,120
2021-06-24 16:12:12,"Produto 4",5,25,28,"Cliente 1","Endereco 7","Debito","Retirada",140,15
2021-06-19 06:10:33,"Produto 3",4,13,28,"Cliente 3","Endereco 8","Credito","Retirada",112,60
2021-06-17 12:18:38,"Produto 2",5,13,28,"Cliente 7","Endereco 5","Debito","Retirada",140,75
2021-06-16 07:53:18,"Produto 5",2,13,17,"Cliente 1","Endereco 1","Dinheiro","Delivery",34,8
2021-07-04 01:50:14,"Produto 1",4,15,28,"Cliente 3","Endereco 8","Credito","Local",112,52
2021-06-20 16:29:07,"Produto 1",5,25,20,"Cliente 6","Endereco 2","Debito","Local",100,-25
2021-06-20 14:14:01,"Produto 3",4,28,37,"Cliente 6","Endereco 9","Dinheiro","Retirada",148,36
2021-06-22 03:36:12,"Produto 3",5,28,17,"Cliente 3","Endereco 3","Dinheiro","Local",85,-55
2021-06-20 11:48:31,"Produto 4",5,28,28,"Cliente 10","Endereco 6","Dinheiro","Local",140,0
2021-06-24 12:59:24,"Produto 1",4,13,20,"Cliente 7","Endereco 1","Dinheiro","Delivery",80,28
2021-06-21 12:40:43,"Produto 5",5,28,17,"Cliente 10","Endereco 9","Credito","Retirada",85,-55
2021-06-13 17:44:04,"Produto 4",5,25,37,"Cliente 5","Endereco 9","Credito","Retirada",185,60
2021-06-10 04:01:53,"Produto 2",4,15,32,"Cliente 4","Endereco 10","Dinheiro","Retirada",128,68
2021-06-11 15:47:45,"Produto 1",5,25,20,"Cliente 5","Endereco 3","Credito","Delivery",100,-25
2021-06-25 14:13:24,"Produto 1",2,15,20,"Cliente 10","Endereco 3","Credito","Local",40,10
2021-06-09 07:29:20,"Produto 1",5,25,28,"Cliente 8","Endereco 9","Dinheiro","Retirada",140,15
2021-06-13 23:12:15,"Produto 5",2,13,28,"Cliente 2","Endereco 4","Credito","Delivery",56,30
2021-06-29 20:12:47,"Produto 1",5,28,32,"Cliente 6","Endereco 6","Dinheiro","Retirada",160,20
2021-06-23 20:23:05,"Produto 4",5,13,17,"Cliente 8","Endereco 4","Dinheiro","Local",85,20
2021-06-22 21:07:47,"Produto 5",2,17,37,"Cliente 9","Endereco 10","Dinheiro","Delivery",74,40
2021-06-29 04:21:37,"Produto 4",5,25,37,"Cliente 3","Endereco 4","Debito","Local",185,60
2021-06-19 16:40:47,"Produto 3",2,25,32,"Cliente 4","Endereco 4","Dinheiro","Delivery",64,14
2021-06-15 10:38:43,"Produto 4",4,15,17,"Cliente 7","Endereco 10","Debito","Delivery",68,8
2021-06-21 04:21:56,"Produto 4",5,25,37,"Cliente 10","Endereco 8","Debito","Local",185,60
2021-06-27 03:42:25,"Produto 1",4,13,32,"Cliente 7","Endereco 4","Dinheiro","Delivery",128,76
2021-06-20 11:40:01,"Produto 2",5,15,32,"Cliente 7","Endereco 6","Credito","Delivery",160,85
2021-06-18 06:45:37,"Produto 2",5,25,32,"Cliente 4","Endereco 1","Debito","Retirada",160,35
2021-06-29 08:25:49,"Produto 5",4,25,37,"Cliente 1","Endereco 8","Debito","Local",148,48
2021-06-21 11:32:15,"Produto 2",2,15,17,"Cliente 4","Endereco 2","Debito","Local",34,4
2021-06-21 13:27:32,"Produto 3",2,15,17,"Cliente 10","Endereco 3","Credito","Delivery",34,4
2021-06-25 15:58:53,"Produto 4",2,13,28,"Cliente 7","Endereco 1","Debito","Retirada",56,30
2021-06-30 19:26:37,"Produto 3",2,13,28,"Cliente 8","Endereco 7","Debito","Delivery",56,30
2021-06-17 12:32:31,"Produto 2",2,25,20,"Cliente 5","Endereco 10","Dinheiro","Local",40,-10
2021-06-22 17:21:29,"Produto 3",5,15,28,"Cliente 5","Endereco 5","Debito","Delivery",140,65
2021-06-24 17:22:48,"Produto 3",2,17,17,"Cliente 3","Endereco 5","Credito","Local",34,0
2021-06-21 16:34:46,"Produto 1",5,13,20,"Cliente 2","Endereco 1","Credito","Retirada",100,35
2021-06-16 03:47:40,"Produto 5",5,28,32,"Cliente 7","Endereco 6","Dinheiro","Retirada",160,20
2021-06-17 17:38:32,"Produto 4",2,25,20,"Cliente 10","Endereco 6","Credito","Delivery",40,-10
2021-06-20 16:05:46,"Produto 2",5,13,32,"Cliente 9","Endereco 6","Credito","Delivery",160,95
2021-06-18 17:23:53,"Produto 5",4,13,32,"Cliente 8","Endereco 6","Dinheiro","Retirada",128,76
2021-06-23 01:14:51,"Produto 4",2,28,17,"Cliente 7","Endereco 5","Debito","Local",34,-22
2021-06-16 15:23:42,"Produto 5",2,15,20,"Cliente 1","Endereco 8","Credito","Local",40,10
2021-06-20 23:50:35,"Produto 5",2,25,20,"Cliente 4","Endereco 7","Debito","Retirada",40,-10
2021-06-12 12:04:29,"Produto 3",5,28,28,"Cliente 5","Endereco 6","Debito","Delivery",140,0
2021-06-24 19:08:49,"Produto 5",2,17,37,"Cliente 8","Endereco 9","Debito","Local",74,40
2021-06-21 01:16:02,"Produto 1",2,25,28,"Cliente 9","Endereco 3","Credito","Retirada",56,6
2021-06-18 11:33:24,"Produto 2",4,25,28,"Cliente 10","Endereco 4","Debito","Retirada",112,12
2021-06-15 18:05:54,"Produto 2",5,28,28,"Cliente 5","Endereco 2","Dinheiro","Retirada",140,0
2021-06-24 19:10:40,"Produto 1",2,25,20,"Cliente 2","Endereco 8","Debito","Local",40,-10
2021-06-18 05:32:10,"Produto 1",2,13,37,"Cliente 5","Endereco 8","Debito","Retirada",74,48
2021-06-18 13:10:32,"Produto 3",2,15,20,"Cliente 4","Endereco 7","Debito","Retirada",40,10
2021-06-21 16:50:08,"Produto 1",5,13,37,"Cliente 7","Endereco 8","Debito","Local",185,120
2021-06-18 15:08:45,"Produto 5",2,13,17,"Cliente 10","Endereco 8","Dinheiro","Delivery",34,8
2021-06-27 11:32:42,"Produto 1",2,15,20,"Cliente 6","Endereco 5","Dinheiro","Local",40,10
2021-06-19 03:23:00,"Produto 3",2,13,32,"Cliente 5","Endereco 2","Dinheiro","Delivery",64,38
2021-06-26 03:00:19,"Produto 3",2,25,20,"Cliente 7","Endereco 7","Dinheiro","Local",40,-10
2021-06-21 22:27:46,"Produto 1",2,13,17,"Cliente 2","Endereco 6","Debito","Local",34,8
2021-06-12 17:01:52,"Produto 4",2,15,32,"Cliente 4","Endereco 7","Credito","Delivery",64,34
2021-06-13 23:42:00,"Produto 1",4,13,28,"Cliente 10","Endereco 7","Dinheiro","Delivery",112,60
2021-06-22 07:13:23,"Produto 1",5,17,37,"Cliente 2","Endereco 7","Dinheiro","Retirada",185,100
2021-06-24 02:58:03,"Produto 1",2,13,20,"Cliente 10","Endereco 5","Credito","Retirada",40,14
2021-06-15 03:30:21,"Produto 1",2,17,37,"Cliente 6","Endereco 3","Credito","Local",74,40
2021-06-13 16:07:02,"Produto 4",4,17,28,"Cliente 6","Endereco 10","Dinheiro","Delivery",112,44
2021-06-26 16:23:07,"Produto 3",2,25,37,"Cliente 10","Endereco 9","Credito","Retirada",74,24
2021-06-18 05:15:14,"Produto 5",4,25,32,"Cliente 3","Endereco 3","Dinheiro","Local",128,28
2021-06-19 08:05:54,"Produto 1",2,28,17,"Cliente 6","Endereco 9","Dinheiro","Local",34,-22
2021-06-20 03:38:39,"Produto 4",5,17,37,"Cliente 9","Endereco 3","Credito","Local",185,100
2021-06-19 21:03:54,"Produto 1",5,13,20,"Cliente 7","Endereco 4","Credito","Retirada",100,35
2021-06-22 07:44:04,"Produto 3",5,17,17,"Cliente 4","Endereco 5","Credito","Retirada",85,0
2021-06-29 04:09:40,"Produto 5",5,15,37,"Cliente 6","Endereco 3","Credito","Local",185,110
2021-06-25 18:15:56,"Produto 1",2,28,20,"Cliente 6","Endereco 10","Dinheiro","Delivery",40,-16
2021-06-23 21:56:39,"Produto 5",5,15,17,"Cliente 3","Endereco 10","Credito","Retirada",85,10
2021-06-21 17:10:37,"Produto 3",2,17,37,"Cliente 10","Endereco 7","Dinheiro","Local",74,40
2021-06-25 16:38:27,"Produto 3",4,28,32,"Cliente 10","Endereco 2","Dinheiro","Local",128,16
2021-07-01 04:10:15,"Produto 1",5,15,17,"Cliente 2","Endereco 6","Debito","Retirada",85,10
2021-06-25 05:17:29,"Produto 5",4,13,17,"Cliente 5","Endereco 6","Debito","Delivery",68,16
2021-06-15 07:35:05,"Produto 2",2,15,32,"Cliente 6","Endereco 3","Dinheiro","Delivery",64,34
2021-06-12 02:59:57,"Produto 3",4,13,20,"Cliente 10","Endereco 9","Debito","Local",80,28
2021-06-13 08:25:51,"Produto 3",2,25,37,"Cliente 1","Endereco 10","Credito","Local",74,24
2021-06-24 13:22:01,"Produto 5",2,13,32,"Cliente 9","Endereco 6","Dinheiro","Delivery",64,38
2021-06-16 17:16:30,"Produto 3",5,13,28,"Cliente 10","Endereco 6","Credito","Delivery",140,75
2021-06-16 15:22:02,"Produto 5",2,25,28,"Cliente 6","Endereco 9","Dinheiro","Local",56,6
2021-06-19 16:13:49,"Produto 2",4,28,20,"Cliente 10","Endereco 10","Dinheiro","Delivery",80,-32
2021-06-13 07:46:18,"Produto 1",2,17,28,"Cliente 4","Endereco 4","Dinheiro","Delivery",56,22
2021-06-26 14:14:24,"Produto 4",2,15,32,"Cliente 4","Endereco 7","Credito","Retirada",64,34
2021-06-15 00:28:15,"Produto 2",5,15,37,"Cliente 10","Endereco 4","Credito","Retirada",185,110
2021-06-14 05:57:07,"Produto 4",2,13,32,"Cliente 6","Endereco 1","Dinheiro","Delivery",64,38
2021-06-14 18:38:47,"Produto 3",2,15,17,"Cliente 2","Endereco 1","Dinheiro","Retirada",34,4
2021-06-22 05:39:48,"Produto 5",2,25,17,"Cliente 10","Endereco 1","Credito","Local",34,-16
2021-06-23 09:27:53,"Produto 4",5,15,32,"Cliente 10","Endereco 7","Debito","Delivery",160,85
2021-06-11 17:34:14,"Produto 3",2,13,20,"Cliente 7","Endereco 3","Debito","Retirada",40,14
2021-06-27 12:00:29,"Produto 2",2,15,28,"Cliente 3","Endereco 7","Debito","Delivery",56,26
2021-06-19 04:12:15,"Produto 1",2,17,37,"Cliente 4","Endereco 7","Debito","Retirada",74,40
2021-06-23 09:46:56,"Produto 3",2,13,37,"Cliente 7","Endereco 8","Dinheiro","Delivery",74,48
2021-06-30 14:27:10,"Produto 4",5,25,28,"Cliente 6","Endereco 8","Credito","Retirada",140,15
2021-06-21 00:07:03,"Produto 3",4,17,28,"Cliente 5","Endereco 7","Dinheiro","Retirada",112,44
2021-06-30 02:44:57,"Produto 5",4,13,32,"Cliente 8","Endereco 9","Credito","Retirada",128,76
2021-06-27 12:48:31,"Produto 2",4,17,28,"Cliente 5","Endereco 4","Credito","Delivery",112,44
2021-06-21 14:45:12,"Produto 1",5,13,17,"Cliente 6","Endereco 1","Credito","Retirada",85,20
2021-06-24 13:50:33,"Produto 4",5,13,37,"Cliente 3","Endereco 7","Credito","Retirada",185,120
2021-06-23 20:55:47,"Produto 4",5,25,28,"Cliente 1","Endereco 7","Debito","Retirada",140,15
2021-06-13 04:33:44,"Produto 3",4,13,28,"Cliente 3","Endereco 8","Credito","Retirada",112,60
2021-06-19 21:50:13,"Produto 2",5,13,28,"Cliente 7","Endereco 5","Debito","Retirada",140,75
2021-06-19 05:07:42,"Produto 5",2,13,17,"Cliente 1","Endereco 1","Dinheiro","Delivery",34,8
2021-06-18 20:10:07,"Produto 1",4,15,28,"Cliente 3","Endereco 8","Credito","Local",112,52
2021-06-20 21:32:55,"Produto 1",5,25,20,"Cliente 6","Endereco 2","Debito","Local",100,-25
2021-06-21 09:19:05,"Produto 3",4,28,37,"Cliente 6","Endereco 9","Dinheiro","Retirada",148,36
2021-06-15 19:35:46,"Produto 3",5,28,17,"Cliente 3","Endereco 3","Dinheiro","Local",85,-55
2021-06-21 20:48:05,"Produto 4",5,28,28,"Cliente 10","Endereco 6","Dinheiro","Local",140,0
2021-06-23 06:33:04,"Produto 1",4,13,20,"Cliente 7","Endereco 1","Dinheiro","Delivery",80,28
2021-06-19 10:34:44,"Produto 5",5,28,17,"Cliente 10","Endereco 9","Credito","Retirada",85,-55
2021-06-23 19:12:18,"Produto 4",5,25,37,"Cliente 5","Endereco 9","Credito","Retirada",185,60
2021-06-18 20:12:56,"Produto 2",4,15,32,"Cliente 4","Endereco 10","Dinheiro","Retirada",128,68
2021-06-21 12:51:26,"Produto 1",5,25,20,"Cliente 5","Endereco 3","Credito","Delivery",100,-25
2021-06-26 02:14:00,"Produto 1",2,15,20,"Cliente 10","Endereco 3","Credito","Local",40,10
2021-06-16 08:16:04,"Produto 1",5,25,28,"Cliente 8","Endereco 9","Dinheiro","Retirada",140,15
2021-06-18 22:14:37,"Produto 5",2,13,28,"Cliente 2","Endereco 4","Credito","Delivery",56,30
2021-06-16 11:11:42,"Produto 1",5,28,32,"Cliente 6","Endereco 6","Dinheiro","Retirada",160,20
2021-06-22 09:03:39,"Produto 4",5,13,17,"Cliente 8","Endereco 4","Dinheiro","Local",85,20
2021-06-23 00:19:19,"Produto 5",2,17,37,"Cliente 9","Endereco 10","Dinheiro","Delivery",74,40
2021-06-17 04:26:48,"Produto 4",5,25,37,"Cliente 3","Endereco 4","Debito","Local",185,60
2021-06-23 12:42:53,"Produto 3",2,25,32,"Cliente 4","Endereco 4","Dinheiro","Delivery",64,14
2021-06-17 02:00:26,"Produto 4",4,15,17,"Cliente 7","Endereco 10","Debito","Delivery",68,8
2021-06-24 21:37:59,"Produto 4",5,25,37,"Cliente 10","Endereco 8","Debito","Local",185,60
2021-06-22 11:30:02,"Produto 1",4,13,32,"Cliente 7","Endereco 4","Dinheiro","Delivery",128,76
2021-06-20 15:14:41,"Produto 2",5,15,32,"Cliente 7","Endereco 6","Credito","Delivery",160,85
2021-06-17 14:51:19,"Produto 2",5,25,32,"Cliente 4","Endereco 1","Debito","Retirada",160,35
2021-06-21 21:44:30,"Produto 5",4,25,37,"Cliente 1","Endereco 8","Debito","Local",148,48
2021-06-20 23:30:03,"Produto 2",2,15,17,"Cliente 4","Endereco 2","Debito","Local",34,4
2021-06-09 13:28:22,"Produto 3",2,15,17,"Cliente 10","Endereco 3","Credito","Delivery",34,4
2021-06-21 15:07:50,"Produto 4",2,13,28,"Cliente 7","Endereco 1","Debito","Retirada",56,30
2021-06-24 21:04:32,"Produto 3",2,13,28,"Cliente 8","Endereco 7","Debito","Delivery",56,30
2021-06-19 17:06:39,"Produto 2",2,25,20,"Cliente 5","Endereco 10","Dinheiro","Local",40,-10
2021-06-23 20:16:37,"Produto 3",5,15,28,"Cliente 5","Endereco 5","Debito","Delivery",140,65
2021-06-18 06:38:53,"Produto 3",2,17,17,"Cliente 3","Endereco 5","Credito","Local",34,0
2021-06-25 07:27:11,"Produto 1",5,13,20,"Cliente 2","Endereco 1","Credito","Retirada",100,35
2021-06-11 21:36:19,"Produto 5",5,28,32,"Cliente 7","Endereco 6","Dinheiro","Retirada",160,20
2021-06-19 23:18:21,"Produto 4",2,25,20,"Cliente 10","Endereco 6","Credito","Delivery",40,-10
2021-06-20 22:01:46,"Produto 2",5,13,32,"Cliente 9","Endereco 6","Credito","Delivery",160,95
2021-06-24 11:56:39,"Produto 5",4,13,32,"Cliente 8","Endereco 6","Dinheiro","Retirada",128,76
2021-06-30 01:22:11,"Produto 4",2,28,17,"Cliente 7","Endereco 5","Debito","Local",34,-22
2021-06-13 22:00:20,"Produto 5",2,15,20,"Cliente 1","Endereco 8","Credito","Local",40,10
2021-06-19 12:08:02,"Produto 5",2,25,20,"Cliente 4","Endereco 7","Debito","Retirada",40,-10
2021-06-23 02:59:09,"Produto 3",5,28,28,"Cliente 5","Endereco 6","Debito","Delivery",140,0
2021-06-22 20:10:14,"Produto 5",2,17,37,"Cliente 8","Endereco 9","Debito","Local",74,40
2021-06-23 17:28:21,"Produto 1",2,25,28,"Cliente 9","Endereco 3","Credito","Retirada",56,6
2021-06-20 11:44:31,"Produto 2",4,25,28,"Cliente 10","Endereco 4","Debito","Retirada",112,12
2021-06-25 17:31:01,"Produto 2",5,28,28,"Cliente 5","Endereco 2","Dinheiro","Retirada",140,0
2021-06-19 11:36:50,"Produto 1",2,25,20,"Cliente 2","Endereco 8","Debito","Local",40,-10
2021-06-25 12:33:09,"Produto 1",2,13,37,"Cliente 5","Endereco 8","Debito","Retirada",74,48
2021-06-20 12:15:57,"Produto 3",2,15,20,"Cliente 4","Endereco 7","Debito","Retirada",40,10
2021-06-15 01:15:40,"Produto 1",5,13,37,"Cliente 7","Endereco 8","Debito","Local",185,120
2021-06-21 23:37:56,"Produto 5",2,13,17,"Cliente 10","Endereco 8","Dinheiro","Delivery",34,8
2021-06-23 15:51:03,"Produto 1",2,15,20,"Cliente 6","Endereco 5","Dinheiro","Local",40,10
2021-06-23 02:24:28,"Produto 3",2,13,32,"Cliente 5","Endereco 2","Dinheiro","Delivery",64,38
2021-06-16 23:57:19,"Produto 3",2,25,20,"Cliente 7","Endereco 7","Dinheiro","Local",40,-10
2021-06-20 18:22:21,"Produto 1",2,13,17,"Cliente 2","Endereco 6","Debito","Local",34,8
2021-06-21 17:07:46,"Produto 4",2,15,32,"Cliente 4","Endereco 7","Credito","Delivery",64,34
2021-06-15 12:14:49,"Produto 1",4,13,28,"Cliente 10","Endereco 7","Dinheiro","Delivery",112,60
2021-06-23 12:42:34,"Produto 1",5,17,37,"Cliente 2","Endereco 7","Dinheiro","Retirada",185,100
2021-06-17 17:05:14,"Produto 1",2,13,20,"Cliente 10","Endereco 5","Credito","Retirada",40,14
2021-06-18 14:20:26,"Produto 1",2,17,37,"Cliente 6","Endereco 3","Credito","Local",74,40
2021-06-16 18:48:51,"Produto 4",4,17,28,"Cliente 6","Endereco 10","Dinheiro","Delivery",112,44
2021-06-17 11:27:50,"Produto 3",2,25,37,"Cliente 10","Endereco 9","Credito","Retirada",74,24
2021-06-22 12:41:50,"Produto 5",4,25,32,"Cliente 3","Endereco 3","Dinheiro","Local",128,28
2021-06-30 06:41:25,"Produto 1",2,28,17,"Cliente 6","Endereco 9","Dinheiro","Local",34,-22
2021-06-29 07:38:40,"Produto 4",5,17,37,"Cliente 9","Endereco 3","Credito","Local",185,100
2021-07-05 07:07:07,"Produto 1",5,13,20,"Cliente 7","Endereco 4","Credito","Retirada",100,35
2021-06-13 13:35:14,"Produto 3",5,17,17,"Cliente 4","Endereco 5","Credito","Retirada",85,0
2021-07-01 12:12:05,"Produto 5",5,15,37,"Cliente 6","Endereco 3","Credito","Local",185,110
2021-06-25 02:32:31,"Produto 1",2,28,20,"Cliente 6","Endereco 10","Dinheiro","Delivery",40,-16
2021-06-19 21:46:26,"Produto 5",5,15,17,"Cliente 3","Endereco 10","Credito","Retirada",85,10
2021-06-17 12:43:55,"Produto 3",2,17,37,"Cliente 10","Endereco 7","Dinheiro","Local",74,40
2021-06-15 21:04:20,"Produto 3",4,28,32,"Cliente 10","Endereco 2","Dinheiro","Local",128,16
2021-06-26 13:20:27,"Produto 1",5,15,17,"Cliente 2","Endereco 6","Debito","Retirada",85,10
2021-06-23 21:46:50,"Produto 5",4,13,17,"Cliente 5","Endereco 6","Debito","Delivery",68,16
2021-06-21 12:18:23,"Produto 2",2,15,32,"Cliente 6","Endereco 3","Dinheiro","Delivery",64,34
2021-06-13 08:12:09,"Produto 3",4,13,20,"Cliente 10","Endereco 9","Debito","Local",80,28
2021-06-26 01:27:36,"Produto 3",2,25,37,"Cliente 1","Endereco 10","Credito","Local",74,24
2021-06-17 09:29:37,"Produto 5",2,13,32,"Cliente 9","Endereco 6","Dinheiro","Delivery",64,38
2021-06-19 06:04:04,"Produto 3",5,13,28,"Cliente 10","Endereco 6","Credito","Delivery",140,75
2021-06-08 13:40:29,"Produto 5",2,25,28,"Cliente 6","Endereco 9","Dinheiro","Local",56,6
2021-06-20 17:01:52,"Produto 2",4,28,20,"Cliente 10","Endereco 10","Dinheiro","Delivery",80,-32
2021-06-22 12:22:13,"Produto 1",2,17,28,"Cliente 4","Endereco 4","Dinheiro","Delivery",56,22
2021-06-25 16:50:11,"Produto 4",2,15,32,"Cliente 4","Endereco 7","Credito","Retirada",64,34
2021-06-20 22:10:48,"Produto 2",5,15,37,"Cliente 10","Endereco 4","Credito","Retirada",185,110
2021-06-22 20:58:28,"Produto 4",2,13,32,"Cliente 6","Endereco 1","Dinheiro","Delivery",64,38
2021-07-04 13:33:52,"Produto 3",2,15,17,"Cliente 2","Endereco 1","Dinheiro","Retirada",34,4
2021-06-22 03:13:31,"Produto 5",2,25,17,"Cliente 10","Endereco 1","Credito","Local",34,-16
2021-06-16 07:21:35,"Produto 4",5,15,32,"Cliente 10","Endereco 7","Debito","Delivery",160,85
2021-06-24 08:03:05,"Produto 3",2,13,20,"Cliente 7","Endereco 3","Debito","Retirada",40,14
2021-06-17 03:23:12,"Produto 2",2,15,28,"Cliente 3","Endereco 7","Debito","Delivery",56,26
2021-06-18 10:37:09,"Produto 1",2,17,37,"Cliente 4","Endereco 7","Debito","Retirada",74,40
2021-06-22 21:03:09,"Produto 3",2,13,37,"Cliente 7","Endereco 8","Dinheiro","Delivery",74,48
2021-06-23 19:16:04,"Produto 4",5,25,28,"Cliente 6","Endereco 8","Credito","Retirada",140,15
2021-06-19 19:18:21,"Produto 3",4,17,28,"Cliente 5","Endereco 7","Dinheiro","Retirada",112,44
2021-07-01 17:52:29,"Produto 5",4,13,32,"Cliente 8","Endereco 9","Credito","Retirada",128,76
2021-06-10 03:53:33,"Produto 2",4,17,28,"Cliente 5","Endereco 4","Credito","Delivery",112,44
2021-06-27 07:33:16,"Produto 1",5,13,17,"Cliente 6","Endereco 1","Credito","Retirada",85,20
2021-07-09 00:50:40,"Produto 4",5,13,37,"Cliente 3","Endereco 7","Credito","Retirada",185,120
2021-06-15 13:04:34,"Produto 4",5,25,28,"Cliente 1","Endereco 7","Debito","Retirada",140,15
2021-06-19 11:04:44,"Produto 3",4,13,28,"Cliente 3","Endereco 8","Credito","Retirada",112,60
2021-06-20 05:43:04,"Produto 2",5,13,28,"Cliente 7","Endereco 5","Debito","Retirada",140,75
2021-06-29 09:57:55,"Produto 5",2,13,17,"Cliente 1","Endereco 1","Dinheiro","Delivery",34,8
2021-06-22 09:06:53,"Produto 1",4,15,28,"Cliente 3","Endereco 8","Credito","Local",112,52
2021-06-26 04:18:10,"Produto 1",5,25,20,"Cliente 6","Endereco 2","Debito","Local",100,-25
2021-06-18 20:13:04,"Produto 3",4,28,37,"Cliente 6","Endereco 9","Dinheiro","Retirada",148,36
2021-06-13 19:19:14,"Produto 3",5,28,17,"Cliente 3","Endereco 3","Dinheiro","Local",85,-55
2021-06-18 03:26:49,"Produto 4",5,28,28,"Cliente 10","Endereco 6","Dinheiro","Local",140,0
2021-06-24 17:32:13,"Produto 1",4,13,20,"Cliente 7","Endereco 1","Dinheiro","Delivery",80,28
2021-06-16 05:58:43,"Produto 5",5,28,17,"Cliente 10","Endereco 9","Credito","Retirada",85,-55
2021-06-21 08:51:54,"Produto 4",5,25,37,"Cliente 5","Endereco 9","Credito","Retirada",185,60
2021-06-28 10:09:24,"Produto 2",4,15,32,"Cliente 4","Endereco 10","Dinheiro","Retirada",128,68
2021-06-20 00:14:42,"Produto 1",5,25,20,"Cliente 5","Endereco 3","Credito","Delivery",100,-25
2021-06-26 18:17:11,"Produto 1",2,15,20,"Cliente 10","Endereco 3","Credito","Local",40,10
2021-06-24 18:44:51,"Produto 1",5,25,28,"Cliente 8","Endereco 9","Dinheiro","Retirada",140,15
2021-06-21 12:59:49,"Produto 5",2,13,28,"Cliente 2","Endereco 4","Credito","Delivery",56,30
2021-06-23 21:45:18,"Produto 1",5,28,32,"Cliente 6","Endereco 6","Dinheiro","Retirada",160,20
2021-06-19 04:24:55,"Produto 4",5,13,17,"Cliente 8","Endereco 4","Dinheiro","Local",85,20
2021-06-15 07:57:47,"Produto 5",2,17,37,"Cliente 9","Endereco 10","Dinheiro","Delivery",74,40
2021-06-25 17:15:24,"Produto 4",5,25,37,"Cliente 3","Endereco 4","Debito","Local",185,60
2021-06-22 13:44:57,"Produto 3",2,25,32,"Cliente 4","Endereco 4","Dinheiro","Delivery",64,14
2021-06-08 20:32:21,"Produto 4",4,15,17,"Cliente 7","Endereco 10","Debito","Delivery",68,8
2021-06-27 02:39:55,"Produto 4",5,25,37,"Cliente 10","Endereco 8","Debito","Local",185,60
2021-06-18 14:42:49,"Produto 1",4,13,32,"Cliente 7","Endereco 4","Dinheiro","Delivery",128,76
2021-06-21 08:10:24,"Produto 2",5,15,32,"Cliente 7","Endereco 6","Credito","Delivery",160,85
2021-06-20 15:22:03,"Produto 2",5,25,32,"Cliente 4","Endereco 1","Debito","Retirada",160,35
2021-06-17 10:25:14,"Produto 5",4,25,37,"Cliente 1","Endereco 8","Debito","Local",148,48
2021-06-15 20:10:07,"Produto 2",2,15,17,"Cliente 4","Endereco 2","Debito","Local",34,4
2021-06-22 22:42:53,"Produto 3",2,15,17,"Cliente 10","Endereco 3","Credito","Delivery",34,4
2021-06-18 21:32:28,"Produto 4",2,13,28,"Cliente 7","Endereco 1","Debito","Retirada",56,30
2021-06-14 19:36:14,"Produto 3",2,13,28,"Cliente 8","Endereco 7","Debito","Delivery",56,30
2021-06-19 18:56:12,"Produto 2",2,25,20,"Cliente 5","Endereco 10","Dinheiro","Local",40,-10
2021-06-16 05:43:40,"Produto 3",5,15,28,"Cliente 5","Endereco 5","Debito","Delivery",140,65
2021-06-15 06:03:26,"Produto 3",2,17,17,"Cliente 3","Endereco 5","Credito","Local",34,0
2021-06-14 12:53:06,"Produto 1",5,13,20,"Cliente 2","Endereco 1","Credito","Retirada",100,35
2021-06-23 00:35:09,"Produto 5",5,28,32,"Cliente 7","Endereco 6","Dinheiro","Retirada",160,20
2021-06-19 05:08:09,"Produto 4",2,25,20,"Cliente 10","Endereco 6","Credito","Delivery",40,-10
2021-06-14 18:54:59,"Produto 2",5,13,32,"Cliente 9","Endereco 6","Credito","Delivery",160,95
2021-06-24 11:18:22,"Produto 5",4,13,32,"Cliente 8","Endereco 6","Dinheiro","Retirada",128,76
2021-06-25 10:29:50,"Produto 4",2,28,17,"Cliente 7","Endereco 5","Debito","Local",34,-22
2021-06-23 23:27:35,"Produto 5",2,15,20,"Cliente 1","Endereco 8","Credito","Local",40,10
2021-06-09 16:54:07,"Produto 5",2,25,20,"Cliente 4","Endereco 7","Debito","Retirada",40,-10
2021-06-30 09:40:31,"Produto 3",5,28,28,"Cliente 5","Endereco 6","Debito","Delivery",140,0
2021-06-16 06:26:54,"Produto 5",2,17,37,"Cliente 8","Endereco 9","Debito","Local",74,40
2021-06-20 22:38:31,"Produto 1",2,25,28,"Cliente 9","Endereco 3","Credito","Retirada",56,6
2021-06-25 02:30:46,"Produto 2",4,25,28,"Cliente 10","Endereco 4","Debito","Retirada",112,12
2021-06-22 11:43:01,"Produto 2",5,28,28,"Cliente 5","Endereco 2","Dinheiro","Retirada",140,0
2021-06-20 00:01:20,"Produto 1",2,25,20,"Cliente 2","Endereco 8","Debito","Local",40,-10
2021-06-21 18:52:24,"Produto 1",2,13,37,"Cliente 5","Endereco 8","Debito","Retirada",74,48
2021-06-14 12:25:04,"Produto 3",2,15,20,"Cliente 4","Endereco 7","Debito","Retirada",40,10
2021-06-20 20:11:14,"Produto 1",5,13,37,"Cliente 7","Endereco 8","Debito","Local",185,120
2021-06-15 19:38:31,"Produto 5",2,13,17,"Cliente 10","Endereco 8","Dinheiro","Delivery",34,8
2021-06-25 08:22:12,"Produto 1",2,15,20,"Cliente 6","Endereco 5","Dinheiro","Local",40,10
2021-06-25 10:55:13,"Produto 3",2,13,32,"Cliente 5","Endereco 2","Dinheiro","Delivery",64,38
2021-06-14 08:19:11,"Produto 3",2,25,20,"Cliente 7","Endereco 7","Dinheiro","Local",40,-10
2021-06-28 02:49:43,"Produto 1",2,13,17,"Cliente 2","Endereco 6","Debito","Local",34,8
2021-06-26 04:50:04,"Produto 4",2,15,32,"Cliente 4","Endereco 7","Credito","Delivery",64,34
2021-06-26 20:11:32,"Produto 1",4,13,28,"Cliente 10","Endereco 7","Dinheiro","Delivery",112,60
2021-06-26 07:41:17,"Produto 1",5,17,37,"Cliente 2","Endereco 7","Dinheiro","Retirada",185,100
2021-06-12 10:12:41,"Produto 1",2,13,20,"Cliente 10","Endereco 5","Credito","Retirada",40,14
2021-06-20 20:18:26,"Produto 1",2,17,37,"Cliente 6","Endereco 3","Credito","Local",74,40
2021-06-12 01:14:22,"Produto 4",4,17,28,"Cliente 6","Endereco 10","Dinheiro","Delivery",112,44
2021-06-20 12:23:38,"Produto 3",2,25,37,"Cliente 10","Endereco 9","Credito","Retirada",74,24
2021-06-14 05:25:14,"Produto 5",4,25,32,"Cliente 3","Endereco 3","Dinheiro","Local",128,28
2021-06-20 13:51:29,"Produto 1",2,28,17,"Cliente 6","Endereco 9","Dinheiro","Local",34,-22
2021-06-25 11:25:18,"Produto 4",5,17,37,"Cliente 9","Endereco 3","Credito","Local",185,100
2021-06-20 00:35:32,"Produto 1",5,13,20,"Cliente 7","Endereco 4","Credito","Retirada",100,35
2021-06-22 02:17:16,"Produto 3",5,17,17,"Cliente 4","Endereco 5","Credito","Retirada",85,0
2021-06-20 07:00:00,"Produto 5",5,15,37,"Cliente 6","Endereco 3","Credito","Local",185,110
2021-06-29 03:54:18,"Produto 1",2,28,20,"Cliente 6","Endereco 10","Dinheiro","Delivery",40,-16
2021-07-02 00:58:20,"Produto 5",5,15,17,"Cliente 3","Endereco 10","Credito","Retirada",85,10
2021-06-21 21:28:28,"Produto 3",2,17,37,"Cliente 10","Endereco 7","Dinheiro","Local",74,40
2021-06-22 06:34:53,"Produto 3",4,28,32,"Cliente 10","Endereco 2","Dinheiro","Local",128,16
2021-06-21 04:29:18,"Produto 1",5,15,17,"Cliente 2","Endereco 6","Debito","Retirada",85,10
2021-06-19 10:56:44,"Produto 5",4,13,17,"Cliente 5","Endereco 6","Debito","Delivery",68,16
2021-06-22 02:26:12,"Produto 2",2,15,32,"Cliente 6","Endereco 3","Dinheiro","Delivery",64,34
2021-06-15 20:04:55,"Produto 3",4,13,20,"Cliente 10","Endereco 9","Debito","Local",80,28
2021-06-25 06:22:24,"Produto 3",2,25,37,"Cliente 1","Endereco 10","Credito","Local",74,24
2021-06-14 23:38:13,"Produto 5",2,13,32,"Cliente 9","Endereco 6","Dinheiro","Delivery",64,38
2021-06-13 14:48:57,"Produto 3",5,13,28,"Cliente 10","Endereco 6","Credito","Delivery",140,75
2021-06-17 13:47:07,"Produto 5",2,25,28,"Cliente 6","Endereco 9","Dinheiro","Local",56,6
2021-06-20 17:12:08,"Produto 2",4,28,20,"Cliente 10","Endereco 10","Dinheiro","Delivery",80,-32
2021-06-22 10:29:05,"Produto 1",2,17,28,"Cliente 4","Endereco 4","Dinheiro","Delivery",56,22
2021-06-27 05:07:36,"Produto 4",2,15,32,"Cliente 4","Endereco 7","Credito","Retirada",64,34
2021-06-23 12:29:24,"Produto 2",5,15,37,"Cliente 10","Endereco 4","Credito","Retirada",185,110
2021-06-20 16:58:42,"Produto 4",2,13,32,"Cliente 6","Endereco 1","Dinheiro","Delivery",64,38
2021-06-20 06:40:38,"Produto 3",2,15,17,"Cliente 2","Endereco 1","Dinheiro","Retirada",34,4
2021-06-20 02:03:46,"Produto 5",2,25,17,"Cliente 10","Endereco 1","Credito","Local",34,-16
2021-06-09 16:08:34,"Produto 4",5,15,32,"Cliente 10","Endereco 7","Debito","Delivery",160,85
2021-06-23 04:45:16,"Produto 3",2,13,20,"Cliente 7","Endereco 3","Debito","Retirada",40,14
2021-06-23 19:18:09,"Produto 2",2,15,28,"Cliente 3","Endereco 7","Debito","Delivery",56,26
2021-06-15 18:32:08,"Produto 1",2,17,37,"Cliente 4","Endereco 7","Debito","Retirada",74,40
2021-06-24 13:29:28,"Produto 3",2,13,37,"Cliente 7","Endereco 8","Dinheiro","Delivery",74,48
2021-06-21 23:02:19,"Produto 4",5,25,28,"Cliente 6","Endereco 8","Credito","Retirada",140,15
2021-06-22 07:28:53,"Produto 3",4,17,28,"Cliente 5","Endereco 7","Dinheiro","Retirada",112,44
2021-06-18 15:55:19,"Produto 5",4,13,32,"Cliente 8","Endereco 9","Credito","Retirada",128,76
2021-06-23 06:48:51,"Produto 2",4,17,28,"Cliente 5","Endereco 4","Credito","Delivery",112,44
2021-06-16 19:12:26,"Produto 1",5,13,17,"Cliente 6","Endereco 1","Credito","Retirada",85,20
2021-06-18 04:08:32,"Produto 4",5,13,37,"Cliente 3","Endereco 7","Credito","Retirada",185,120
2021-06-20 20:08:05,"Produto 4",5,25,28,"Cliente 1","Endereco 7","Debito","Retirada",140,15
2021-06-27 02:41:58,"Produto 3",4,13,28,"Cliente 3","Endereco 8","Credito","Retirada",112,60
2021-06-24 23:29:19,"Produto 2",5,13,28,"Cliente 7","Endereco 5","Debito","Retirada",140,75
2021-06-19 17:09:53,"Produto 5",2,13,17,"Cliente 1","Endereco 1","Dinheiro","Delivery",34,8
2021-06-21 06:25:01,"Produto 1",4,15,28,"Cliente 3","Endereco 8","Credito","Local",112,52
2021-06-20 23:47:56,"Produto 1",5,25,20,"Cliente 6","Endereco 2","Debito","Local",100,-25
2021-06-23 22:32:47,"Produto 3",4,28,37,"Cliente 6","Endereco 9","Dinheiro","Retirada",148,36
2021-06-13 13:56:19,"Produto 3",5,28,17,"Cliente 3","Endereco 3","Dinheiro","Local",85,-55
2021-06-20 11:10:47,"Produto 4",5,28,28,"Cliente 10","Endereco 6","Dinheiro","Local",140,0
2021-06-14 22:28:49,"Produto 1",4,13,20,"Cliente 7","Endereco 1","Dinheiro","Delivery",80,28
2021-06-19 15:32:29,"Produto 5",5,28,17,"Cliente 10","Endereco 9","Credito","Retirada",85,-55
2021-07-02 09:59:35,"Produto 4",5,25,37,"Cliente 5","Endereco 9","Credito","Retirada",185,60
2021-06-22 09:35:42,"Produto 2",4,15,32,"Cliente 4","Endereco 10","Dinheiro","Retirada",128,68
2021-06-19 12:12:21,"Produto 1",5,25,20,"Cliente 5","Endereco 3","Credito","Delivery",100,-25
2021-06-22 12:06:38,"Produto 1",2,15,20,"Cliente 10","Endereco 3","Credito","Local",40,10
2021-06-23 22:38:25,"Produto 1",5,25,28,"Cliente 8","Endereco 9","Dinheiro","Retirada",140,15
2021-06-23 06:06:13,"Produto 5",2,13,28,"Cliente 2","Endereco 4","Credito","Delivery",56,30
2021-06-21 03:37:33,"Produto 1",5,28,32,"Cliente 6","Endereco 6","Dinheiro","Retirada",160,20
2021-06-25 17:48:47,"Produto 4",5,13,17,"Cliente 8","Endereco 4","Dinheiro","Local",85,20
2021-06-19 05:26:42,"Produto 5",2,17,37,"Cliente 9","Endereco 10","Dinheiro","Delivery",74,40
2021-06-21 18:12:57,"Produto 4",5,25,37,"Cliente 3","Endereco 4","Debito","Local",185,60
2021-06-26 12:54:10,"Produto 3",2,25,32,"Cliente 4","Endereco 4","Dinheiro","Delivery",64,14
2021-07-01 04:23:39,"Produto 4",4,15,17,"Cliente 7","Endereco 10","Debito","Delivery",68,8
2021-06-30 01:19:49,"Produto 4",5,25,37,"Cliente 10","Endereco 8","Debito","Local",185,60
2021-06-20 17:01:47,"Produto 1",4,13,32,"Cliente 7","Endereco 4","Dinheiro","Delivery",128,76
2021-06-22 05:59:22,"Produto 2",5,15,32,"Cliente 7","Endereco 6","Credito","Delivery",160,85
2021-06-20 14:41:51,"Produto 2",5,25,32,"Cliente 4","Endereco 1","Debito","Retirada",160,35
2021-06-17 03:17:33,"Produto 5",4,25,37,"Cliente 1","Endereco 8","Debito","Local",148,48
2021-06-19 17:10:22,"Produto 2",2,15,17,"Cliente 4","Endereco 2","Debito","Local",34,4
2021-06-20 05:22:40,"Produto 3",2,15,17,"Cliente 10","Endereco 3","Credito","Delivery",34,4
2021-06-30 06:02:04,"Produto 4",2,13,28,"Cliente 7","Endereco 1","Debito","Retirada",56,30
2021-06-16 02:45:41,"Produto 3",2,13,28,"Cliente 8","Endereco 7","Debito","Delivery",56,30
2021-06-21 01:25:31,"Produto 2",2,25,20,"Cliente 5","Endereco 10","Dinheiro","Local",40,-10
2021-06-27 08:50:12,"Produto 3",5,15,28,"Cliente 5","Endereco 5","Debito","Delivery",140,65
2021-06-23 20:04:22,"Produto 3",2,17,17,"Cliente 3","Endereco 5","Credito","Local",34,0
2021-06-17 00:07:08,"Produto 1",5,13,20,"Cliente 2","Endereco 1","Credito","Retirada",100,35
2021-06-23 14:47:33,"Produto 5",5,28,32,"Cliente 7","Endereco 6","Dinheiro","Retirada",160,20
2021-06-20 08:38:52,"Produto 4",2,25,20,"Cliente 10","Endereco 6","Credito","Delivery",40,-10
2021-06-20 10:08:51,"Produto 2",5,13,32,"Cliente 9","Endereco 6","Credito","Delivery",160,95
2021-06-17 06:16:13,"Produto 5",4,13,32,"Cliente 8","Endereco 6","Dinheiro","Retirada",128,76
2021-06-22 00:01:36,"Produto 4",2,28,17,"Cliente 7","Endereco 5","Debito","Local",34,-22
2021-06-22 07:49:02,"Produto 5",2,15,20,"Cliente 1","Endereco 8","Credito","Local",40,10
2021-06-21 21:43:01,"Produto 5",2,25,20,"Cliente 4","Endereco 7","Debito","Retirada",40,-10
2021-06-17 12:01:22,"Produto 3",5,28,28,"Cliente 5","Endereco 6","Debito","Delivery",140,0
2021-06-22 21:47:26,"Produto 5",2,17,37,"Cliente 8","Endereco 9","Debito","Local",74,40
2021-06-29 18:24:41,"Produto 1",2,25,28,"Cliente 9","Endereco 3","Credito","Retirada",56,6
2021-06-20 00:55:26,"Produto 2",4,25,28,"Cliente 10","Endereco 4","Debito","Retirada",112,12
2021-06-23 13:58:42,"Produto 2",5,28,28,"Cliente 5","Endereco 2","Dinheiro","Retirada",140,0
2021-06-17 06:45:29,"Produto 1",2,25,20,"Cliente 2","Endereco 8","Debito","Local",40,-10
2021-06-04 22:13:00,"Produto 1",2,13,37,"Cliente 5","Endereco 8","Debito","Retirada",74,48
2021-06-18 18:20:08,"Produto 3",2,15,20,"Cliente 4","Endereco 7","Debito","Retirada",40,10
2021-06-24 23:09:54,"Produto 1",5,13,37,"Cliente 7","Endereco 8","Debito","Local",185,120
2021-06-24 15:26:00,"Produto 5",2,13,17,"Cliente 10","Endereco 8","Dinheiro","Delivery",34,8
2021-06-15 00:36:04,"Produto 1",2,15,20,"Cliente 6","Endereco 5","Dinheiro","Local",40,10
2021-06-16 11:45:26,"Produto 3",2,13,32,"Cliente 5","Endereco 2","Dinheiro","Delivery",64,38
2021-06-17 04:55:42,"Produto 3",2,25,20,"Cliente 7","Endereco 7","Dinheiro","Local",40,-10
2021-06-18 07:20:57,"Produto 1",2,13,17,"Cliente 2","Endereco 6","Debito","Local",34,8
2021-06-25 22:35:25,"Produto 4",2,15,32,"Cliente 4","Endereco 7","Credito","Delivery",64,34
2021-06-18 07:38:38,"Produto 1",4,13,28,"Cliente 10","Endereco 7","Dinheiro","Delivery",112,60
2021-06-23 01:21:19,"Produto 1",5,17,37,"Cliente 2","Endereco 7","Dinheiro","Retirada",185,100
2021-06-27 04:38:09,"Produto 1",2,13,20,"Cliente 10","Endereco 5","Credito","Retirada",40,14
2021-06-18 18:39:32,"Produto 1",2,17,37,"Cliente 6","Endereco 3","Credito","Local",74,40
2021-06-21 14:04:25,"Produto 4",4,17,28,"Cliente 6","Endereco 10","Dinheiro","Delivery",112,44
2021-06-11 13:46:30,"Produto 3",2,25,37,"Cliente 10","Endereco 9","Credito","Retirada",74,24
2021-06-18 05:11:18,"Produto 5",4,25,32,"Cliente 3","Endereco 3","Dinheiro","Local",128,28
2021-06-18 04:18:45,"Produto 1",2,28,17,"Cliente 6","Endereco 9","Dinheiro","Local",34,-22
2021-06-22 01:05:44,"Produto 4",5,17,37,"Cliente 9","Endereco 3","Credito","Local",185,100
2021-06-21 13:18:10,"Produto 1",5,13,20,"Cliente 7","Endereco 4","Credito","Retirada",100,35
2021-06-16 22:19:02,"Produto 3",5,17,17,"Cliente 4","Endereco 5","Credito","Retirada",85,0
2021-07-01 04:50:30,"Produto 5",5,15,37,"Cliente 6","Endereco 3","Credito","Local",185,110
2021-06-22 18:19:33,"Produto 1",2,28,20,"Cliente 6","Endereco 10","Dinheiro","Delivery",40,-16
2021-07-02 04:02:12,"Produto 5",5,15,17,"Cliente 3","Endereco 10","Credito","Retirada",85,10
2021-06-15 09:18:19,"Produto 3",2,17,37,"Cliente 10","Endereco 7","Dinheiro","Local",74,40
2021-06-16 16:47:40,"Produto 3",4,28,32,"Cliente 10","Endereco 2","Dinheiro","Local",128,16
2021-06-23 14:19:10,"Produto 1",5,15,17,"Cliente 2","Endereco 6","Debito","Retirada",85,10
2021-06-08 23:36:20,"Produto 5",4,13,17,"Cliente 5","Endereco 6","Debito","Delivery",68,16
2021-06-26 08:49:45,"Produto 2",2,15,32,"Cliente 6","Endereco 3","Dinheiro","Delivery",64,34
2021-06-15 18:55:44,"Produto 3",4,13,20,"Cliente 10","Endereco 9","Debito","Local",80,28
2021-06-22 13:31:45,"Produto 3",2,25,37,"Cliente 1","Endereco 10","Credito","Local",74,24
2021-06-23 16:16:48,"Produto 5",2,13,32,"Cliente 9","Endereco 6","Dinheiro","Delivery",64,38
2021-06-25 23:09:00,"Produto 3",5,13,28,"Cliente 10","Endereco 6","Credito","Delivery",140,75
2021-06-16 21:27:50,"Produto 5",2,25,28,"Cliente 6","Endereco 9","Dinheiro","Local",56,6
2021-06-23 06:52:11,"Produto 2",4,28,20,"Cliente 10","Endereco 10","Dinheiro","Delivery",80,-32
2021-06-16 09:02:19,"Produto 1",2,17,28,"Cliente 4","Endereco 4","Dinheiro","Delivery",56,22
2021-06-20 01:50:14,"Produto 4",2,15,32,"Cliente 4","Endereco 7","Credito","Retirada",64,34
2021-06-22 06:21:24,"Produto 2",5,15,37,"Cliente 10","Endereco 4","Credito","Retirada",185,110
2021-06-18 10:29:39,"Produto 4",2,13,32,"Cliente 6","Endereco 1","Dinheiro","Delivery",64,38
2021-06-24 13:22:22,"Produto 3",2,15,17,"Cliente 2","Endereco 1","Dinheiro","Retirada",34,4
2021-06-20 00:51:54,"Produto 5",2,25,17,"Cliente 10","Endereco 1","Credito","Local",34,-16
2021-06-25 22:44:25,"Produto 4",5,15,32,"Cliente 10","Endereco 7","Debito","Delivery",160,85
2021-06-18 09:31:48,"Produto 3",2,13,20,"Cliente 7","Endereco 3","Debito","Retirada",40,14
2021-06-17 05:44:37,"Produto 2",2,15,28,"Cliente 3","Endereco 7","Debito","Delivery",56,26
2021-06-22 14:27:43,"Produto 1",2,17,37,"Cliente 4","Endereco 7","Debito","Retirada",74,40
2021-06-16 10:02:29,"Produto 3",2,13,37,"Cliente 7","Endereco 8","Dinheiro","Delivery",74,48
2021-06-19 14:46:20,"Produto 4",5,25,28,"Cliente 6","Endereco 8","Credito","Retirada",140,15
2021-06-18 09:26:15,"Produto 3",4,17,28,"Cliente 5","Endereco 7","Dinheiro","Retirada",112,44
2021-06-27 02:53:03,"Produto 5",4,13,32,"Cliente 8","Endereco 9","Credito","Retirada",128,76
2021-06-19 01:58:54,"Produto 2",4,17,28,"Cliente 5","Endereco 4","Credito","Delivery",112,44
2021-06-21 13:28:14,"Produto 1",5,13,17,"Cliente 6","Endereco 1","Credito","Retirada",85,20
2021-06-23 07:14:05,"Produto 4",5,13,37,"Cliente 3","Endereco 7","Credito","Retirada",185,120
2021-06-18 08:32:37,"Produto 4",5,25,28,"Cliente 1","Endereco 7","Debito","Retirada",140,15
2021-06-13 22:32:10,"Produto 3",4,13,28,"Cliente 3","Endereco 8","Credito","Retirada",112,60
2021-06-21 03:34:24,"Produto 2",5,13,28,"Cliente 7","Endereco 5","Debito","Retirada",140,75
2021-06-06 14:32:22,"Produto 5",2,13,17,"Cliente 1","Endereco 1","Dinheiro","Delivery",34,8
2021-06-26 00:51:50,"Produto 1",4,15,28,"Cliente 3","Endereco 8","Credito","Local",112,52
2021-06-12 19:11:17,"Produto 1",5,25,20,"Cliente 6","Endereco 2","Debito","Local",100,-25
2021-06-23 13:56:25,"Produto 3",4,28,37,"Cliente 6","Endereco 9","Dinheiro","Retirada",148,36
2021-06-21 22:40:43,"Produto 3",5,28,17,"Cliente 3","Endereco 3","Dinheiro","Local",85,-55
2021-06-14 09:12:32,"Produto 4",5,28,28,"Cliente 10","Endereco 6","Dinheiro","Local",140,0
2021-06-25 22:38:19,"Produto 1",4,13,20,"Cliente 7","Endereco 1","Dinheiro","Delivery",80,28
2021-06-23 22:20:44,"Produto 5",5,28,17,"Cliente 10","Endereco 9","Credito","Retirada",85,-55
2021-06-24 15:09:50,"Produto 4",5,25,37,"Cliente 5","Endereco 9","Credito","Retirada",185,60
2021-06-30 01:27:55,"Produto 2",4,15,32,"Cliente 4","Endereco 10","Dinheiro","Retirada",128,68
2021-06-19 16:33:22,"Produto 1",5,25,20,"Cliente 5","Endereco 3","Credito","Delivery",100,-25
2021-06-18 17:21:50,"Produto 1",2,15,20,"Cliente 10","Endereco 3","Credito","Local",40,10
2021-06-21 19:10:01,"Produto 1",5,25,28,"Cliente 8","Endereco 9","Dinheiro","Retirada",140,15
2021-06-20 11:14:55,"Produto 5",2,13,28,"Cliente 2","Endereco 4","Credito","Delivery",56,30
2021-06-14 09:12:01,"Produto 1",5,28,32,"Cliente 6","Endereco 6","Dinheiro","Retirada",160,20
2021-06-19 17:20:44,"Produto 4",5,13,17,"Cliente 8","Endereco 4","Dinheiro","Local",85,20
2021-06-23 17:49:56,"Produto 5",2,17,37,"Cliente 9","Endereco 10","Dinheiro","Delivery",74,40
2021-06-17 21:08:54,"Produto 4",5,25,37,"Cliente 3","Endereco 4","Debito","Local",185,60
2021-06-26 13:50:35,"Produto 3",2,25,32,"Cliente 4","Endereco 4","Dinheiro","Delivery",64,14
2021-06-19 18:12:52,"Produto 4",4,15,17,"Cliente 7","Endereco 10","Debito","Delivery",68,8
2021-06-22 02:50:59,"Produto 4",5,25,37,"Cliente 10","Endereco 8","Debito","Local",185,60
2021-06-22 12:17:50,"Produto 1",4,13,32,"Cliente 7","Endereco 4","Dinheiro","Delivery",128,76
2021-06-21 14:10:28,"Produto 2",5,15,32,"Cliente 7","Endereco 6","Credito","Delivery",160,85
2021-06-09 11:29:03,"Produto 2",5,25,32,"Cliente 4","Endereco 1","Debito","Retirada",160,35
2021-06-17 17:07:47,"Produto 5",4,25,37,"Cliente 1","Endereco 8","Debito","Local",148,48
2021-06-21 00:15:06,"Produto 2",2,15,17,"Cliente 4","Endereco 2","Debito","Local",34,4
2021-06-20 16:15:58,"Produto 3",2,15,17,"Cliente 10","Endereco 3","Credito","Delivery",34,4
2021-06-23 02:06:58,"Produto 4",2,13,28,"Cliente 7","Endereco 1","Debito","Retirada",56,30
2021-06-20 02:30:35,"Produto 3",2,13,28,"Cliente 8","Endereco 7","Debito","Delivery",56,30
2021-06-22 03:25:02,"Produto 2",2,25,20,"Cliente 5","Endereco 10","Dinheiro","Local",40,-10
2021-06-18 11:58:23,"Produto 3",5,15,28,"Cliente 5","Endereco 5","Debito","Delivery",140,65
2021-06-25 20:14:57,"Produto 3",2,17,17,"Cliente 3","Endereco 5","Credito","Local",34,0
2021-06-09 02:45:15,"Produto 1",5,13,20,"Cliente 2","Endereco 1","Credito","Retirada",100,35
2021-06-20 21:53:36,"Produto 5",5,28,32,"Cliente 7","Endereco 6","Dinheiro","Retirada",160,20
2021-06-20 12:44:13,"Produto 4",2,25,20,"Cliente 10","Endereco 6","Credito","Delivery",40,-10
2021-06-13 06:30:59,"Produto 2",5,13,32,"Cliente 9","Endereco 6","Credito","Delivery",160,95
2021-06-22 06:55:23,"Produto 5",4,13,32,"Cliente 8","Endereco 6","Dinheiro","Retirada",128,76
2021-06-21 04:42:04,"Produto 4",2,28,17,"Cliente 7","Endereco 5","Debito","Local",34,-22
2021-06-17 15:52:19,"Produto 5",2,15,20,"Cliente 1","Endereco 8","Credito","Local",40,10
2021-06-29 01:34:27,"Produto 5",2,25,20,"Cliente 4","Endereco 7","Debito","Retirada",40,-10
2021-06-25 09:32:08,"Produto 3",5,28,28,"Cliente 5","Endereco 6","Debito","Delivery",140,0
2021-06-20 19:44:36,"Produto 5",2,17,37,"Cliente 8","Endereco 9","Debito","Local",74,40
2021-06-21 10:49:56,"Produto 1",2,25,28,"Cliente 9","Endereco 3","Credito","Retirada",56,6
2021-06-20 09:02:43,"Produto 2",4,25,28,"Cliente 10","Endereco 4","Debito","Retirada",112,12
2021-06-26 16:48:49,"Produto 2",5,28,28,"Cliente 5","Endereco 2","Dinheiro","Retirada",140,0
2021-06-18 21:28:36,"Produto 1",2,25,20,"Cliente 2","Endereco 8","Debito","Local",40,-10
2021-06-23 21:26:38,"Produto 1",2,13,37,"Cliente 5","Endereco 8","Debito","Retirada",74,48
2021-06-19 00:49:30,"Produto 3",2,15,20,"Cliente 4","Endereco 7","Debito","Retirada",40,10
2021-06-26 20:39:05,"Produto 1",5,13,37,"Cliente 7","Endereco 8","Debito","Local",185,120
2021-06-24 11:00:27,"Produto 5",2,13,17,"Cliente 10","Endereco 8","Dinheiro","Delivery",34,8
2021-06-13 12:27:49,"Produto 1",2,15,20,"Cliente 6","Endereco 5","Dinheiro","Local",40,10
2021-06-12 18:30:41,"Produto 3",2,13,32,"Cliente 5","Endereco 2","Dinheiro","Delivery",64,38
2021-06-22 22:48:14,"Produto 3",2,25,20,"Cliente 7","Endereco 7","Dinheiro","Local",40,-10
2021-06-16 04:42:37,"Produto 1",2,13,17,"Cliente 2","Endereco 6","Debito","Local",34,8
2021-06-30 08:01:59,"Produto 4",2,15,32,"Cliente 4","Endereco 7","Credito","Delivery",64,34
2021-06-22 13:09:14,"Produto 1",4,13,28,"Cliente 10","Endereco 7","Dinheiro","Delivery",112,60
2021-06-15 12:55:56,"Produto 1",5,17,37,"Cliente 2","Endereco 7","Dinheiro","Retirada",185,100
2021-06-23 21:58:10,"Produto 1",2,13,20,"Cliente 10","Endereco 5","Credito","Retirada",40,14
2021-06-14 08:16:07,"Produto 1",2,17,37,"Cliente 6","Endereco 3","Credito","Local",74,40
2021-06-17 06:07:35,"Produto 4",4,17,28,"Cliente 6","Endereco 10","Dinheiro","Delivery",112,44
2021-06-23 01:21:29,"Produto 3",2,25,37,"Cliente 10","Endereco 9","Credito","Retirada",74,24
2021-06-22 06:30:01,"Produto 5",4,25,32,"Cliente 3","Endereco 3","Dinheiro","Local",128,28
2021-06-19 11:22:01,"Produto 1",2,28,17,"Cliente 6","Endereco 9","Dinheiro","Local",34,-22
2021-06-21 01:32:04,"Produto 4",5,17,37,"Cliente 9","Endereco 3","Credito","Local",185,100
2021-06-28 23:30:37,"Produto 1",5,13,20,"Cliente 7","Endereco 4","Credito","Retirada",100,35
2021-07-01 02:14:46,"Produto 3",5,17,17,"Cliente 4","Endereco 5","Credito","Retirada",85,0
2021-06-24 07:54:06,"Produto 5",5,15,37,"Cliente 6","Endereco 3","Credito","Local",185,110
2021-06-14 21:19:55,"Produto 1",2,28,20,"Cliente 6","Endereco 10","Dinheiro","Delivery",40,-16
2021-06-15 07:47:47,"Produto 5",5,15,17,"Cliente 3","Endereco 10","Credito","Retirada",85,10
2021-06-24 17:45:26,"Produto 3",2,17,37,"Cliente 10","Endereco 7","Dinheiro","Local",74,40
2021-06-17 21:39:27,"Produto 3",4,28,32,"Cliente 10","Endereco 2","Dinheiro","Local",128,16
2021-06-26 12:17:42,"Produto 1",5,15,17,"Cliente 2","Endereco 6","Debito","Retirada",85,10
2021-06-16 22:27:34,"Produto 5",4,13,17,"Cliente 5","Endereco 6","Debito","Delivery",68,16
2021-06-14 09:25:35,"Produto 2",2,15,32,"Cliente 6","Endereco 3","Dinheiro","Delivery",64,34
2021-06-20 22:22:33,"Produto 3",4,13,20,"Cliente 10","Endereco 9","Debito","Local",80,28
2021-06-18 10:16:31,"Produto 3",2,25,37,"Cliente 1","Endereco 10","Credito","Local",74,24
2021-06-12 05:45:56,"Produto 5",2,13,32,"Cliente 9","Endereco 6","Dinheiro","Delivery",64,38
2021-06-20 03:21:22,"Produto 3",5,13,28,"Cliente 10","Endereco 6","Credito","Delivery",140,75
2021-06-12 07:23:21,"Produto 5",2,25,28,"Cliente 6","Endereco 9","Dinheiro","Local",56,6
2021-06-20 00:27:18,"Produto 2",4,28,20,"Cliente 10","Endereco 10","Dinheiro","Delivery",80,-32
2021-06-18 19:02:29,"Produto 1",2,17,28,"Cliente 4","Endereco 4","Dinheiro","Delivery",56,22
2021-06-19 22:05:38,"Produto 4",2,15,32,"Cliente 4","Endereco 7","Credito","Retirada",64,34
2021-06-18 17:27:49,"Produto 2",5,15,37,"Cliente 10","Endereco 4","Credito","Retirada",185,110
2021-06-14 14:25:15,"Produto 4",2,13,32,"Cliente 6","Endereco 1","Dinheiro","Delivery",64,38
2021-06-27 20:18:40,"Produto 3",2,15,17,"Cliente 2","Endereco 1","Dinheiro","Retirada",34,4
2021-06-27 22:38:42,"Produto 5",2,25,17,"Cliente 10","Endereco 1","Credito","Local",34,-16
2021-07-01 12:50:53,"Produto 4",5,15,32,"Cliente 10","Endereco 7","Debito","Delivery",160,85
2021-06-20 13:32:30,"Produto 3",2,13,20,"Cliente 7","Endereco 3","Debito","Retirada",40,14
2021-06-22 13:01:05,"Produto 2",2,15,28,"Cliente 3","Endereco 7","Debito","Delivery",56,26
2021-06-25 04:27:52,"Produto 1",2,17,37,"Cliente 4","Endereco 7","Debito","Retirada",74,40
2021-06-21 12:57:28,"Produto 3",2,13,37,"Cliente 7","Endereco 8","Dinheiro","Delivery",74,48
2021-06-21 14:40:03,"Produto 4",5,25,28,"Cliente 6","Endereco 8","Credito","Retirada",140,15
2021-06-22 09:19:19,"Produto 3",4,17,28,"Cliente 5","Endereco 7","Dinheiro","Retirada",112,44
2021-06-22 21:57:52,"Produto 5",4,13,32,"Cliente 8","Endereco 9","Credito","Retirada",128,76
2021-06-21 10:58:27,"Produto 2",4,17,28,"Cliente 5","Endereco 4","Credito","Delivery",112,44
2021-06-15 14:38:59,"Produto 1",5,13,17,"Cliente 6","Endereco 1","Credito","Retirada",85,20
2021-06-18 11:48:05,"Produto 4",5,13,37,"Cliente 3","Endereco 7","Credito","Retirada",185,120
2021-06-17 17:26:54,"Produto 4",5,25,28,"Cliente 1","Endereco 7","Debito","Retirada",140,15
2021-06-24 01:00:04,"Produto 3",4,13,28,"Cliente 3","Endereco 8","Credito","Retirada",112,60
2021-06-25 23:46:23,"Produto 2",5,13,28,"Cliente 7","Endereco 5","Debito","Retirada",140,75
2021-06-16 09:08:37,"Produto 5",2,13,17,"Cliente 1","Endereco 1","Dinheiro","Delivery",34,8
2021-06-26 06:09:59,"Produto 1",4,15,28,"Cliente 3","Endereco 8","Credito","Local",112,52
2021-06-19 08:39:06,"Produto 1",5,25,20,"Cliente 6","Endereco 2","Debito","Local",100,-25
2021-06-19 03:37:30,"Produto 3",4,28,37,"Cliente 6","Endereco 9","Dinheiro","Retirada",148,36
2021-06-25 07:17:20,"Produto 3",5,28,17,"Cliente 3","Endereco 3","Dinheiro","Local",85,-55
2021-06-20 06:04:33,"Produto 4",5,28,28,"Cliente 10","Endereco 6","Dinheiro","Local",140,0
2021-06-20 21:23:59,"Produto 1",4,13,20,"Cliente 7","Endereco 1","Dinheiro","Delivery",80,28
2021-06-28 06:31:22,"Produto 5",5,28,17,"Cliente 10","Endereco 9","Credito","Retirada",85,-55
2021-06-29 01:19:44,"Produto 4",5,25,37,"Cliente 5","Endereco 9","Credito","Retirada",185,60
2021-07-04 22:47:49,"Produto 2",4,15,32,"Cliente 4","Endereco 10","Dinheiro","Retirada",128,68
2021-06-18 22:17:35,"Produto 1",5,25,20,"Cliente 5","Endereco 3","Credito","Delivery",100,-25
2021-06-24 14:50:56,"Produto 1",2,15,20,"Cliente 10","Endereco 3","Credito","Local",40,10
2021-06-20 01:04:07,"Produto 1",5,25,28,"Cliente 8","Endereco 9","Dinheiro","Retirada",140,15
2021-06-22 07:48:22,"Produto 5",2,13,28,"Cliente 2","Endereco 4","Credito","Delivery",56,30
2021-06-20 11:55:10,"Produto 1",5,28,32,"Cliente 6","Endereco 6","Dinheiro","Retirada",160,20
2021-06-15 08:59:04,"Produto 4",5,13,17,"Cliente 8","Endereco 4","Dinheiro","Local",85,20
2021-06-29 21:10:26,"Produto 5",2,17,37,"Cliente 9","Endereco 10","Dinheiro","Delivery",74,40
2021-06-24 11:04:04,"Produto 4",5,25,37,"Cliente 3","Endereco 4","Debito","Local",185,60
2021-06-17 03:17:21,"Produto 3",2,25,32,"Cliente 4","Endereco 4","Dinheiro","Delivery",64,14
2021-06-24 03:34:09,"Produto 4",4,15,17,"Cliente 7","Endereco 10","Debito","Delivery",68,8
2021-06-17 18:29:17,"Produto 4",5,25,37,"Cliente 10","Endereco 8","Debito","Local",185,60
2021-06-23 01:50:22,"Produto 1",4,13,32,"Cliente 7","Endereco 4","Dinheiro","Delivery",128,76
2021-06-24 06:40:29,"Produto 2",5,15,32,"Cliente 7","Endereco 6","Credito","Delivery",160,85
2021-06-18 19:07:13,"Produto 2",5,25,32,"Cliente 4","Endereco 1","Debito","Retirada",160,35
2021-06-24 08:14:57,"Produto 5",4,25,37,"Cliente 1","Endereco 8","Debito","Local",148,48
2021-06-29 01:54:47,"Produto 2",2,15,17,"Cliente 4","Endereco 2","Debito","Local",34,4
2021-06-22 16:17:33,"Produto 3",2,15,17,"Cliente 10","Endereco 3","Credito","Delivery",34,4
2021-06-25 20:02:31,"Produto 4",2,13,28,"Cliente 7","Endereco 1","Debito","Retirada",56,30
2021-06-18 10:24:45,"Produto 3",2,13,28,"Cliente 8","Endereco 7","Debito","Delivery",56,30
2021-06-10 15:25:19,"Produto 2",2,25,20,"Cliente 5","Endereco 10","Dinheiro","Local",40,-10
2021-06-23 09:43:11,"Produto 3",5,15,28,"Cliente 5","Endereco 5","Debito","Delivery",140,65
2021-06-25 06:22:05,"Produto 3",2,17,17,"Cliente 3","Endereco 5","Credito","Local",34,0
2021-06-26 01:24:23,"Produto 1",5,13,20,"Cliente 2","Endereco 1","Credito","Retirada",100,35
2021-06-17 17:19:09,"Produto 5",5,28,32,"Cliente 7","Endereco 6","Dinheiro","Retirada",160,20
2021-06-23 18:58:06,"Produto 4",2,25,20,"Cliente 10","Endereco 6","Credito","Delivery",40,-10
2021-06-21 18:49:03,"Produto 2",5,13,32,"Cliente 9","Endereco 6","Credito","Delivery",160,95
2021-06-15 12:38:55,"Produto 5",4,13,32,"Cliente 8","Endereco 6","Dinheiro","Retirada",128,76
2021-06-23 20:06:53,"Produto 4",2,28,17,"Cliente 7","Endereco 5","Debito","Local",34,-22
2021-06-14 03:16:28,"Produto 5",2,15,20,"Cliente 1","Endereco 8","Credito","Local",40,10
2021-06-20 18:14:54,"Produto 5",2,25,20,"Cliente 4","Endereco 7","Debito","Retirada",40,-10
2021-06-30 19:48:54,"Produto 3",5,28,28,"Cliente 5","Endereco 6","Debito","Delivery",140,0
2021-06-26 23:37:00,"Produto 5",2,17,37,"Cliente 8","Endereco 9","Debito","Local",74,40
2021-06-25 00:51:04,"Produto 1",2,25,28,"Cliente 9","Endereco 3","Credito","Retirada",56,6
2021-06-28 10:34:29,"Produto 2",4,25,28,"Cliente 10","Endereco 4","Debito","Retirada",112,12
2021-06-27 01:32:06,"Produto 2",5,28,28,"Cliente 5","Endereco 2","Dinheiro","Retirada",140,0
2021-06-18 08:43:07,"Produto 1",2,25,20,"Cliente 2","Endereco 8","Debito","Local",40,-10
2021-06-20 09:26:58,"Produto 1",2,13,37,"Cliente 5","Endereco 8","Debito","Retirada",74,48
2021-06-21 14:29:52,"Produto 3",2,15,20,"Cliente 4","Endereco 7","Debito","Retirada",40,10
2021-06-14 21:39:57,"Produto 1",5,13,37,"Cliente 7","Endereco 8","Debito","Local",185,120
2021-06-23 00:56:56,"Produto 5",2,13,17,"Cliente 10","Endereco 8","Dinheiro","Delivery",34,8
2021-06-23 14:41:29,"Produto 1",2,15,20,"Cliente 6","Endereco 5","Dinheiro","Local",40,10
2021-06-14 06:14:08,"Produto 3",2,13,32,"Cliente 5","Endereco 2","Dinheiro","Delivery",64,38
2021-06-14 08:28:20,"Produto 3",2,25,20,"Cliente 7","Endereco 7","Dinheiro","Local",40,-10
2021-06-22 21:29:56,"Produto 1",2,13,17,"Cliente 2","Endereco 6","Debito","Local",34,8
2021-06-16 07:43:34,"Produto 4",2,15,32,"Cliente 4","Endereco 7","Credito","Delivery",64,34
2021-06-21 14:02:25,"Produto 1",4,13,28,"Cliente 10","Endereco 7","Dinheiro","Delivery",112,60
2021-06-23 08:41:17,"Produto 1",5,17,37,"Cliente 2","Endereco 7","Dinheiro","Retirada",185,100
2021-06-23 12:58:55,"Produto 1",2,13,20,"Cliente 10","Endereco 5","Credito","Retirada",40,14
2021-06-22 21:36:31,"Produto 1",2,17,37,"Cliente 6","Endereco 3","Credito","Local",74,40
2021-06-21 21:20:39,"Produto 4",4,17,28,"Cliente 6","Endereco 10","Dinheiro","Delivery",112,44
2021-06-23 00:18:10,"Produto 3",2,25,37,"Cliente 10","Endereco 9","Credito","Retirada",74,24
2021-06-25 09:54:11,"Produto 5",4,25,32,"Cliente 3","Endereco 3","Dinheiro","Local",128,28
2021-06-30 20:33:06,"Produto 1",2,28,17,"Cliente 6","Endereco 9","Dinheiro","Local",34,-22
2021-06-25 23:11:47,"Produto 4",5,17,37,"Cliente 9","Endereco 3","Credito","Local",185,100
2021-06-15 02:07:04,"Produto 1",5,13,20,"Cliente 7","Endereco 4","Credito","Retirada",100,35
2021-06-22 15:25:36,"Produto 3",5,17,17,"Cliente 4","Endereco 5","Credito","Retirada",85,0
2021-06-22 13:35:49,"Produto 5",5,15,37,"Cliente 6","Endereco 3","Credito","Local",185,110
2021-06-20 00:07:03,"Produto 1",2,28,20,"Cliente 6","Endereco 10","Dinheiro","Delivery",40,-16
2021-06-25 12:33:51,"Produto 5",5,15,17,"Cliente 3","Endereco 10","Credito","Retirada",85,10
2021-06-12 10:58:21,"Produto 3",2,17,37,"Cliente 10","Endereco 7","Dinheiro","Local",74,40
2021-06-27 02:05:04,"Produto 3",4,28,32,"Cliente 10","Endereco 2","Dinheiro","Local",128,16
2021-06-23 08:40:18,"Produto 1",5,15,17,"Cliente 2","Endereco 6","Debito","Retirada",85,10
2021-06-25 21:03:20,"Produto 5",4,13,17,"Cliente 5","Endereco 6","Debito","Delivery",68,16
2021-06-16 01:24:51,"Produto 2",2,15,32,"Cliente 6","Endereco 3","Dinheiro","Delivery",64,34
2021-06-11 16:31:09,"Produto 3",4,13,20,"Cliente 10","Endereco 9","Debito","Local",80,28
2021-06-21 01:48:10,"Produto 3",2,25,37,"Cliente 1","Endereco 10","Credito","Local",74,24
2021-06-21 02:23:31,"Produto 5",2,13,32,"Cliente 9","Endereco 6","Dinheiro","Delivery",64,38
2021-06-22 10:11:27,"Produto 3",5,13,28,"Cliente 10","Endereco 6","Credito","Delivery",140,75
2021-06-18 10:42:40,"Produto 5",2,25,28,"Cliente 6","Endereco 9","Dinheiro","Local",56,6
2021-06-20 05:24:24,"Produto 2",4,28,20,"Cliente 10","Endereco 10","Dinheiro","Delivery",80,-32
2021-07-03 17:39:54,"Produto 1",2,17,28,"Cliente 4","Endereco 4","Dinheiro","Delivery",56,22
2021-06-16 16:15:42,"Produto 4",2,15,32,"Cliente 4","Endereco 7","Credito","Retirada",64,34
2021-06-17 03:23:57,"Produto 2",5,15,37,"Cliente 10","Endereco 4","Credito","Retirada",185,110
2021-06-18 21:37:53,"Produto 4",2,13,32,"Cliente 6","Endereco 1","Dinheiro","Delivery",64,38
2021-06-08 07:28:48,"Produto 3",2,15,17,"Cliente 2","Endereco 1","Dinheiro","Retirada",34,4
2021-06-20 22:19:48,"Produto 5",2,25,17,"Cliente 10","Endereco 1","Credito","Local",34,-16
2021-07-01 07:22:39,"Produto 4",5,15,32,"Cliente 10","Endereco 7","Debito","Delivery",160,85
2021-06-23 22:48:56,"Produto 3",2,13,20,"Cliente 7","Endereco 3","Debito","Retirada",40,14
2021-06-17 12:10:16,"Produto 2",2,15,28,"Cliente 3","Endereco 7","Debito","Delivery",56,26
2021-06-24 11:27:17,"Produto 1",2,17,37,"Cliente 4","Endereco 7","Debito","Retirada",74,40
2021-06-14 12:45:59,"Produto 3",2,13,37,"Cliente 7","Endereco 8","Dinheiro","Delivery",74,48
2021-06-14 22:05:43,"Produto 4",5,25,28,"Cliente 6","Endereco 8","Credito","Retirada",140,15
2021-06-17 05:48:17,"Produto 3",4,17,28,"Cliente 5","Endereco 7","Dinheiro","Retirada",112,44
2021-06-24 13:28:08,"Produto 5",4,13,32,"Cliente 8","Endereco 9","Credito","Retirada",128,76
2021-06-20 21:36:19,"Produto 2",4,17,28,"Cliente 5","Endereco 4","Credito","Delivery",112,44
2021-06-16 08:58:49,"Produto 1",5,13,17,"Cliente 6","Endereco 1","Credito","Retirada",85,20
2021-06-23 04:46:10,"Produto 4",5,13,37,"Cliente 3","Endereco 7","Credito","Retirada",185,120
2021-06-21 22:38:54,"Produto 4",5,25,28,"Cliente 1","Endereco 7","Debito","Retirada",140,15
2021-06-28 20:57:08,"Produto 3",4,13,28,"Cliente 3","Endereco 8","Credito","Retirada",112,60
2021-06-26 03:45:16,"Produto 2",5,13,28,"Cliente 7","Endereco 5","Debito","Retirada",140,75
2021-06-25 23:47:42,"Produto 5",2,13,17,"Cliente 1","Endereco 1","Dinheiro","Delivery",34,8
2021-06-16 16:52:23,"Produto 1",4,15,28,"Cliente 3","Endereco 8","Credito","Local",112,52
2021-06-17 11:47:38,"Produto 1",5,25,20,"Cliente 6","Endereco 2","Debito","Local",100,-25
2021-06-21 03:11:30,"Produto 3",4,28,37,"Cliente 6","Endereco 9","Dinheiro","Retirada",148,36
2021-06-13 04:33:44,"Produto 3",5,28,17,"Cliente 3","Endereco 3","Dinheiro","Local",85,-55
2021-06-22 16:05:44,"Produto 4",5,28,28,"Cliente 10","Endereco 6","Dinheiro","Local",140,0
2021-06-19 11:37:22,"Produto 1",4,13,20,"Cliente 7","Endereco 1","Dinheiro","Delivery",80,28
2021-06-15 15:30:51,"Produto 5",5,28,17,"Cliente 10","Endereco 9","Credito","Retirada",85,-55
2021-06-16 00:39:12,"Produto 4",5,25,37,"Cliente 5","Endereco 9","Credito","Retirada",185,60
2021-06-20 20:10:13,"Produto 2",4,15,32,"Cliente 4","Endereco 10","Dinheiro","Retirada",128,68
2021-06-19 00:18:13,"Produto 1",5,25,20,"Cliente 5","Endereco 3","Credito","Delivery",100,-25
2021-06-21 14:20:18,"Produto 1",2,15,20,"Cliente 10","Endereco 3","Credito","Local",40,10
2021-06-22 03:58:33,"Produto 1",5,25,28,"Cliente 8","Endereco 9","Dinheiro","Retirada",140,15
2021-06-14 13:57:57,"Produto 5",2,13,28,"Cliente 2","Endereco 4","Credito","Delivery",56,30
2021-06-30 10:38:28,"Produto 1",5,28,32,"Cliente 6","Endereco 6","Dinheiro","Retirada",160,20
2021-06-27 02:58:51,"Produto 4",5,13,17,"Cliente 8","Endereco 4","Dinheiro","Local",85,20
2021-06-13 02:12:32,"Produto 5",2,17,37,"Cliente 9","Endereco 10","Dinheiro","Delivery",74,40
2021-06-18 20:19:17,"Produto 4",5,25,37,"Cliente 3","Endereco 4","Debito","Local",185,60
2021-06-25 19:37:28,"Produto 3",2,25,32,"Cliente 4","Endereco 4","Dinheiro","Delivery",64,14
2021-06-21 10:51:38,"Produto 4",4,15,17,"Cliente 7","Endereco 10","Debito","Delivery",68,8
2021-07-01 06:08:36,"Produto 4",5,25,37,"Cliente 10","Endereco 8","Debito","Local",185,60
2021-06-13 22:48:13,"Produto 1",4,13,32,"Cliente 7","Endereco 4","Dinheiro","Delivery",128,76
2021-06-16 17:49:04,"Produto 2",5,15,32,"Cliente 7","Endereco 6","Credito","Delivery",160,85
2021-06-14 20:40:29,"Produto 2",5,25,32,"Cliente 4","Endereco 1","Debito","Retirada",160,35
2021-06-13 23:25:21,"Produto 5",4,25,37,"Cliente 1","Endereco 8","Debito","Local",148,48
2021-06-27 03:38:02,"Produto 2",2,15,17,"Cliente 4","Endereco 2","Debito","Local",34,4
2021-06-22 06:02:02,"Produto 3",2,15,17,"Cliente 10","Endereco 3","Credito","Delivery",34,4
2021-06-18 07:48:05,"Produto 4",2,13,28,"Cliente 7","Endereco 1","Debito","Retirada",56,30
2021-06-23 03:40:20,"Produto 3",2,13,28,"Cliente 8","Endereco 7","Debito","Delivery",56,30
2021-06-21 09:19:32,"Produto 2",2,25,20,"Cliente 5","Endereco 10","Dinheiro","Local",40,-10
2021-06-23 04:28:50,"Produto 3",5,15,28,"Cliente 5","Endereco 5","Debito","Delivery",140,65
2021-07-08 01:44:59,"Produto 3",2,17,17,"Cliente 3","Endereco 5","Credito","Local",34,0
2021-06-19 23:44:26,"Produto 1",5,13,20,"Cliente 2","Endereco 1","Credito","Retirada",100,35
2021-06-14 19:32:10,"Produto 5",5,28,32,"Cliente 7","Endereco 6","Dinheiro","Retirada",160,20
2021-06-30 04:31:21,"Produto 4",2,25,20,"Cliente 10","Endereco 6","Credito","Delivery",40,-10
2021-06-21 19:50:44,"Produto 2",5,13,32,"Cliente 9","Endereco 6","Credito","Delivery",160,95
2021-06-23 00:25:07,"Produto 5",4,13,32,"Cliente 8","Endereco 6","Dinheiro","Retirada",128,76
2021-06-20 16:40:40,"Produto 4",2,28,17,"Cliente 7","Endereco 5","Debito","Local",34,-22
2021-06-19 11:17:24,"Produto 5",2,15,20,"Cliente 1","Endereco 8","Credito","Local",40,10
2021-06-23 00:42:58,"Produto 5",2,25,20,"Cliente 4","Endereco 7","Debito","Retirada",40,-10
2021-06-14 19:29:56,"Produto 3",5,28,28,"Cliente 5","Endereco 6","Debito","Delivery",140,0
2021-07-03 22:36:08,"Produto 5",2,17,37,"Cliente 8","Endereco 9","Debito","Local",74,40
2021-06-25 13:57:42,"Produto 1",2,25,28,"Cliente 9","Endereco 3","Credito","Retirada",56,6
2021-06-19 06:40:22,"Produto 2",4,25,28,"Cliente 10","Endereco 4","Debito","Retirada",112,12
2021-06-18 08:07:46,"Produto 2",5,28,28,"Cliente 5","Endereco 2","Dinheiro","Retirada",140,0
2021-06-15 08:06:09,"Produto 1",2,25,20,"Cliente 2","Endereco 8","Debito","Local",40,-10
2021-06-23 18:54:03,"Produto 1",2,13,37,"Cliente 5","Endereco 8","Debito","Retirada",74,48
2021-06-24 11:11:59,"Produto 3",2,15,20,"Cliente 4","Endereco 7","Debito","Retirada",40,10
2021-06-28 18:46:00,"Produto 1",5,13,37,"Cliente 7","Endereco 8","Debito","Local",185,120
2021-06-15 03:17:30,"Produto 5",2,13,17,"Cliente 10","Endereco 8","Dinheiro","Delivery",34,8
2021-06-22 11:18:45,"Produto 1",2,15,20,"Cliente 6","Endereco 5","Dinheiro","Local",40,10
2021-06-21 14:42:26,"Produto 3",2,13,32,"Cliente 5","Endereco 2","Dinheiro","Delivery",64,38
2021-06-15 14:04:32,"Produto 3",2,25,20,"Cliente 7","Endereco 7","Dinheiro","Local",40,-10
2021-06-12 14:36:30,"Produto 1",2,13,17,"Cliente 2","Endereco 6","Debito","Local",34,8
2021-06-20 12:57:32,"Produto 4",2,15,32,"Cliente 4","Endereco 7","Credito","Delivery",64,34
2021-06-27 13:38:17,"Produto 1",4,13,28,"Cliente 10","Endereco 7","Dinheiro","Delivery",112,60
2021-06-13 10:51:43,"Produto 1",5,17,37,"Cliente 2","Endereco 7","Dinheiro","Retirada",185,100
2021-06-20 03:28:27,"Produto 1",2,13,20,"Cliente 10","Endereco 5","Credito","Retirada",40,14
2021-06-20 00:57:45,"Produto 1",2,17,37,"Cliente 6","Endereco 3","Credito","Local",74,40
2021-06-27 05:51:12,"Produto 4",4,17,28,"Cliente 6","Endereco 10","Dinheiro","Delivery",112,44
2021-06-21 13:47:30,"Produto 3",2,25,37,"Cliente 10","Endereco 9","Credito","Retirada",74,24
2021-06-19 19:21:38,"Produto 5",4,25,32,"Cliente 3","Endereco 3","Dinheiro","Local",128,28
2021-06-19 14:09:36,"Produto 1",2,28,17,"Cliente 6","Endereco 9","Dinheiro","Local",34,-22
2021-07-04 02:54:52,"Produto 4",5,17,37,"Cliente 9","Endereco 3","Credito","Local",185,100
2021-06-19 10:58:43,"Produto 1",5,13,20,"Cliente 7","Endereco 4","Credito","Retirada",100,35
2021-06-21 01:27:05,"Produto 3",5,17,17,"Cliente 4","Endereco 5","Credito","Retirada",85,0
2021-06-23 10:43:37,"Produto 5",5,15,37,"Cliente 6","Endereco 3","Credito","Local",185,110
2021-06-13 10:05:53,"Produto 1",2,28,20,"Cliente 6","Endereco 10","Dinheiro","Delivery",40,-16
2021-06-16 20:08:13,"Produto 5",5,15,17,"Cliente 3","Endereco 10","Credito","Retirada",85,10
2021-06-20 08:33:23,"Produto 3",2,17,37,"Cliente 10","Endereco 7","Dinheiro","Local",74,40
2021-06-15 13:28:57,"Produto 3",4,28,32,"Cliente 10","Endereco 2","Dinheiro","Local",128,16
2021-06-21 14:23:11,"Produto 1",5,15,17,"Cliente 2","Endereco 6","Debito","Retirada",85,10
2021-06-22 08:11:52,"Produto 5",4,13,17,"Cliente 5","Endereco 6","Debito","Delivery",68,16
2021-06-18 23:18:52,"Produto 2",2,15,32,"Cliente 6","Endereco 3","Dinheiro","Delivery",64,34
2021-06-19 14:09:33,"Produto 3",4,13,20,"Cliente 10","Endereco 9","Debito","Local",80,28
2021-06-26 02:56:05,"Produto 3",2,25,37,"Cliente 1","Endereco 10","Credito","Local",74,24
2021-06-18 16:54:24,"Produto 5",2,13,32,"Cliente 9","Endereco 6","Dinheiro","Delivery",64,38
2021-06-21 04:36:58,"Produto 3",5,13,28,"Cliente 10","Endereco 6","Credito","Delivery",140,75
2021-06-25 18:09:43,"Produto 5",2,25,28,"Cliente 6","Endereco 9","Dinheiro","Local",56,6
2021-06-19 17:18:23,"Produto 2",4,28,20,"Cliente 10","Endereco 10","Dinheiro","Delivery",80,-32
2021-06-20 17:45:12,"Produto 1",2,17,28,"Cliente 4","Endereco 4","Dinheiro","Delivery",56,22
2021-06-22 09:04:11,"Produto 4",2,15,32,"Cliente 4","Endereco 7","Credito","Retirada",64,34
2021-06-22 17:44:38,"Produto 2",5,15,37,"Cliente 10","Endereco 4","Credito","Retirada",185,110
2021-06-23 22:58:29,"Produto 4",2,13,32,"Cliente 6","Endereco 1","Dinheiro","Delivery",64,38
2021-07-03 07:56:19,"Produto 3",2,15,17,"Cliente 2","Endereco 1","Dinheiro","Retirada",34,4
2021-06-20 17:10:09,"Produto 5",2,25,17,"Cliente 10","Endereco 1","Credito","Local",34,-16
2021-06-28 03:31:53,"Produto 4",5,15,32,"Cliente 10","Endereco 7","Debito","Delivery",160,85
2021-06-26 01:47:34,"Produto 3",2,13,20,"Cliente 7","Endereco 3","Debito","Retirada",40,14
2021-06-22 19:22:05,"Produto 2",2,15,28,"Cliente 3","Endereco 7","Debito","Delivery",56,26
2021-06-25 04:45:42,"Produto 1",2,17,37,"Cliente 4","Endereco 7","Debito","Retirada",74,40
2021-06-22 06:18:54,"Produto 3",2,13,37,"Cliente 7","Endereco 8","Dinheiro","Delivery",74,48
2021-06-10 14:11:54,"Produto 4",5,25,28,"Cliente 6","Endereco 8","Credito","Retirada",140,15
2021-06-21 00:57:49,"Produto 3",4,17,28,"Cliente 5","Endereco 7","Dinheiro","Retirada",112,44
2021-06-15 23:45:33,"Produto 5",4,13,32,"Cliente 8","Endereco 9","Credito","Retirada",128,76
2021-07-01 03:20:09,"Produto 2",4,17,28,"Cliente 5","Endereco 4","Credito","Delivery",112,44
2021-06-28 02:33:03,"Produto 1",5,13,17,"Cliente 6","Endereco 1","Credito","Retirada",85,20
2021-06-15 12:57:17,"Produto 4",5,13,37,"Cliente 3","Endereco 7","Credito","Retirada",185,120
2021-06-21 07:48:03,"Produto 4",5,25,28,"Cliente 1","Endereco 7","Debito","Retirada",140,15
2021-06-27 21:03:34,"Produto 3",4,13,28,"Cliente 3","Endereco 8","Credito","Retirada",112,60
2021-06-23 02:14:06,"Produto 2",5,13,28,"Cliente 7","Endereco 5","Debito","Retirada",140,75
2021-06-20 18:53:13,"Produto 5",2,13,17,"Cliente 1","Endereco 1","Dinheiro","Delivery",34,8
2021-06-25 10:07:07,"Produto 1",4,15,28,"Cliente 3","Endereco 8","Credito","Local",112,52
2021-06-17 05:38:03,"Produto 1",5,25,20,"Cliente 6","Endereco 2","Debito","Local",100,-25
2021-06-15 21:43:42,"Produto 3",4,28,37,"Cliente 6","Endereco 9","Dinheiro","Retirada",148,36
2021-06-18 04:09:21,"Produto 3",5,28,17,"Cliente 3","Endereco 3","Dinheiro","Local",85,-55
2021-06-18 16:45:33,"Produto 4",5,28,28,"Cliente 10","Endereco 6","Dinheiro","Local",140,0
2021-06-24 06:17:18,"Produto 1",4,13,20,"Cliente 7","Endereco 1","Dinheiro","Delivery",80,28
2021-06-17 08:23:56,"Produto 5",5,28,17,"Cliente 10","Endereco 9","Credito","Retirada",85,-55
2021-06-25 04:47:59,"Produto 4",5,25,37,"Cliente 5","Endereco 9","Credito","Retirada",185,60
2021-06-24 17:10:33,"Produto 2",4,15,32,"Cliente 4","Endereco 10","Dinheiro","Retirada",128,68
2021-06-14 21:27:33,"Produto 1",5,25,20,"Cliente 5","Endereco 3","Credito","Delivery",100,-25
2021-06-08 04:45:45,"Produto 1",2,15,20,"Cliente 10","Endereco 3","Credito","Local",40,10
2021-06-23 16:30:56,"Produto 1",5,25,28,"Cliente 8","Endereco 9","Dinheiro","Retirada",140,15
2021-06-21 23:39:52,"Produto 5",2,13,28,"Cliente 2","Endereco 4","Credito","Delivery",56,30
2021-06-22 04:09:22,"Produto 1",5,28,32,"Cliente 6","Endereco 6","Dinheiro","Retirada",160,20
2021-06-16 10:01:49,"Produto 4",5,13,17,"Cliente 8","Endereco 4","Dinheiro","Local",85,20
2021-06-21 15:12:18,"Produto 5",2,17,37,"Cliente 9","Endereco 10","Dinheiro","Delivery",74,40
2021-06-18 03:27:43,"Produto 4",5,25,37,"Cliente 3","Endereco 4","Debito","Local",185,60
2021-06-11 19:45:03,"Produto 3",2,25,32,"Cliente 4","Endereco 4","Dinheiro","Delivery",64,14
2021-06-09 06:58:27,"Produto 4",4,15,17,"Cliente 7","Endereco 10","Debito","Delivery",68,8
2021-06-22 09:03:17,"Produto 4",5,25,37,"Cliente 10","Endereco 8","Debito","Local",185,60
2021-06-26 19:59:14,"Produto 1",4,13,32,"Cliente 7","Endereco 4","Dinheiro","Delivery",128,76
2021-06-23 17:06:42,"Produto 2",5,15,32,"Cliente 7","Endereco 6","Credito","Delivery",160,85
2021-06-22 18:06:17,"Produto 2",5,25,32,"Cliente 4","Endereco 1","Debito","Retirada",160,35
2021-06-28 10:54:39,"Produto 5",4,25,37,"Cliente 1","Endereco 8","Debito","Local",148,48
2021-06-14 01:11:50,"Produto 2",2,15,17,"Cliente 4","Endereco 2","Debito","Local",34,4
2021-06-21 08:19:01,"Produto 3",2,15,17,"Cliente 10","Endereco 3","Credito","Delivery",34,4
2021-06-23 18:09:49,"Produto 4",2,13,28,"Cliente 7","Endereco 1","Debito","Retirada",56,30
2021-06-17 04:22:06,"Produto 3",2,13,28,"Cliente 8","Endereco 7","Debito","Delivery",56,30
2021-06-22 10:36:33,"Produto 2",2,25,20,"Cliente 5","Endereco 10","Dinheiro","Local",40,-10
2021-06-30 15:05:49,"Produto 3",5,15,28,"Cliente 5","Endereco 5","Debito","Delivery",140,65
2021-06-29 23:14:33,"Produto 3",2,17,17,"Cliente 3","Endereco 5","Credito","Local",34,0
2021-06-27 18:39:45,"Produto 1",5,13,20,"Cliente 2","Endereco 1","Credito","Retirada",100,35
2021-06-20 07:24:57,"Produto 5",5,28,32,"Cliente 7","Endereco 6","Dinheiro","Retirada",160,20
2021-06-17 18:11:17,"Produto 4",2,25,20,"Cliente 10","Endereco 6","Credito","Delivery",40,-10
2021-06-23 00:19:23,"Produto 2",5,13,32,"Cliente 9","Endereco 6","Credito","Delivery",160,95
2021-06-17 20:55:27,"Produto 5",4,13,32,"Cliente 8","Endereco 6","Dinheiro","Retirada",128,76
2021-06-15 13:00:57,"Produto 4",2,28,17,"Cliente 7","Endereco 5","Debito","Local",34,-22
2021-06-20 13:02:15,"Produto 5",2,15,20,"Cliente 1","Endereco 8","Credito","Local",40,10
2021-07-01 04:31:15,"Produto 5",2,25,20,"Cliente 4","Endereco 7","Debito","Retirada",40,-10
2021-06-19 06:18:04,"Produto 3",5,28,28,"Cliente 5","Endereco 6","Debito","Delivery",140,0
2021-06-21 14:45:58,"Produto 5",2,17,37,"Cliente 8","Endereco 9","Debito","Local",74,40
2021-06-22 20:25:09,"Produto 1",2,25,28,"Cliente 9","Endereco 3","Credito","Retirada",56,6
2021-06-19 02:45:03,"Produto 2",4,25,28,"Cliente 10","Endereco 4","Debito","Retirada",112,12
2021-06-23 07:04:27,"Produto 2",5,28,28,"Cliente 5","Endereco 2","Dinheiro","Retirada",140,0
2021-06-15 18:24:41,"Produto 1",2,25,20,"Cliente 2","Endereco 8","Debito","Local",40,-10
2021-06-26 11:03:33,"Produto 1",2,13,37,"Cliente 5","Endereco 8","Debito","Retirada",74,48
2021-06-26 10:48:27,"Produto 3",2,15,20,"Cliente 4","Endereco 7","Debito","Retirada",40,10
2021-06-18 19:52:26,"Produto 1",5,13,37,"Cliente 7","Endereco 8","Debito","Local",185,120
2021-06-22 05:33:55,"Produto 5",2,13,17,"Cliente 10","Endereco 8","Dinheiro","Delivery",34,8
2021-06-19 20:41:22,"Produto 1",2,15,20,"Cliente 6","Endereco 5","Dinheiro","Local",40,10
2021-06-21 22:34:07,"Produto 3",2,13,32,"Cliente 5","Endereco 2","Dinheiro","Delivery",64,38
2021-06-21 06:37:22,"Produto 3",2,25,20,"Cliente 7","Endereco 7","Dinheiro","Local",40,-10
2021-06-22 17:49:36,"Produto 1",2,13,17,"Cliente 2","Endereco 6","Debito","Local",34,8
2021-06-29 21:17:48,"Produto 4",2,15,32,"Cliente 4","Endereco 7","Credito","Delivery",64,34
2021-06-21 18:13:54,"Produto 1",4,13,28,"Cliente 10","Endereco 7","Dinheiro","Delivery",112,60
2021-06-15 21:31:56,"Produto 1",5,17,37,"Cliente 2","Endereco 7","Dinheiro","Retirada",185,100
2021-06-12 20:08:18,"Produto 1",2,13,20,"Cliente 10","Endereco 5","Credito","Retirada",40,14
2021-06-20 04:27:14,"Produto 1",2,17,37,"Cliente 6","Endereco 3","Credito","Local",74,40
2021-06-27 02:32:11,"Produto 4",4,17,28,"Cliente 6","Endereco 10","Dinheiro","Delivery",112,44
2021-06-21 19:54:42,"Produto 3",2,25,37,"Cliente 10","Endereco 9","Credito","Retirada",74,24
2021-06-25 05:48:14,"Produto 5",4,25,32,"Cliente 3","Endereco 3","Dinheiro","Local",128,28
2021-06-13 22:26:38,"Produto 1",2,28,17,"Cliente 6","Endereco 9","Dinheiro","Local",34,-22
2021-06-20 09:12:07,"Produto 4",5,17,37,"Cliente 9","Endereco 3","Credito","Local",185,100
2021-06-14 19:11:23,"Produto 1",5,13,20,"Cliente 7","Endereco 4","Credito","Retirada",100,35
2021-06-26 17:34:06,"Produto 3",5,17,17,"Cliente 4","Endereco 5","Credito","Retirada",85,0
2021-06-14 12:30:16,"Produto 5",5,15,37,"Cliente 6","Endereco 3","Credito","Local",185,110
2021-06-15 21:51:01,"Produto 1",2,28,20,"Cliente 6","Endereco 10","Dinheiro","Delivery",40,-16
2021-06-17 19:12:39,"Produto 5",5,15,17,"Cliente 3","Endereco 10","Credito","Retirada",85,10
2021-06-18 01:12:25,"Produto 3",2,17,37,"Cliente 10","Endereco 7","Dinheiro","Local",74,40
2021-06-14 20:11:51,"Produto 3",4,28,32,"Cliente 10","Endereco 2","Dinheiro","Local",128,16
2021-06-20 19:41:37,"Produto 1",5,15,17,"Cliente 2","Endereco 6","Debito","Retirada",85,10
2021-06-18 07:21:19,"Produto 5",4,13,17,"Cliente 5","Endereco 6","Debito","Delivery",68,16
2021-06-15 10:13:58,"Produto 2",2,15,32,"Cliente 6","Endereco 3","Dinheiro","Delivery",64,34
2021-06-23 12:55:55,"Produto 3",4,13,20,"Cliente 10","Endereco 9","Debito","Local",80,28
2021-06-23 01:19:01,"Produto 3",2,25,37,"Cliente 1","Endereco 10","Credito","Local",74,24
2021-06-24 18:35:29,"Produto 5",2,13,32,"Cliente 9","Endereco 6","Dinheiro","Delivery",64,38
2021-06-23 04:15:56,"Produto 3",5,13,28,"Cliente 10","Endereco 6","Credito","Delivery",140,75
2021-06-17 09:35:17,"Produto 5",2,25,28,"Cliente 6","Endereco 9","Dinheiro","Local",56,6
2021-06-25 01:19:16,"Produto 2",4,28,20,"Cliente 10","Endereco 10","Dinheiro","Delivery",80,-32
2021-06-18 18:43:18,"Produto 1",2,17,28,"Cliente 4","Endereco 4","Dinheiro","Delivery",56,22
2021-06-19 16:01:15,"Produto 4",2,15,32,"Cliente 4","Endereco 7","Credito","Retirada",64,34
2021-06-25 02:00:08,"Produto 2",5,15,37,"Cliente 10","Endereco 4","Credito","Retirada",185,110
2021-06-18 03:09:33,"Produto 4",2,13,32,"Cliente 6","Endereco 1","Dinheiro","Delivery",64,38
2021-06-30 09:54:25,"Produto 3",2,15,17,"Cliente 2","Endereco 1","Dinheiro","Retirada",34,4
2021-06-28 05:29:34,"Produto 5",2,25,17,"Cliente 10","Endereco 1","Credito","Local",34,-16
2021-06-20 06:05:20,"Produto 4",5,15,32,"Cliente 10","Endereco 7","Debito","Delivery",160,85
2021-06-17 18:27:57,"Produto 3",2,13,20,"Cliente 7","Endereco 3","Debito","Retirada",40,14
2021-06-19 08:11:04,"Produto 2",2,15,28,"Cliente 3","Endereco 7","Debito","Delivery",56,26
2021-06-16 08:20:04,"Produto 1",2,17,37,"Cliente 4","Endereco 7","Debito","Retirada",74,40
2021-06-29 09:43:33,"Produto 3",2,13,37,"Cliente 7","Endereco 8","Dinheiro","Delivery",74,48
2021-06-17 15:17:16,"Produto 4",5,25,28,"Cliente 6","Endereco 8","Credito","Retirada",140,15
2021-06-13 03:57:17,"Produto 3",4,17,28,"Cliente 5","Endereco 7","Dinheiro","Retirada",112,44
2021-06-12 23:11:04,"Produto 5",4,13,32,"Cliente 8","Endereco 9","Credito","Retirada",128,76
2021-06-24 08:46:11,"Produto 2",4,17,28,"Cliente 5","Endereco 4","Credito","Delivery",112,44
2021-06-24 06:58:50,"Produto 1",5,13,17,"Cliente 6","Endereco 1","Credito","Retirada",85,20
2021-06-22 22:35:26,"Produto 4",5,13,37,"Cliente 3","Endereco 7","Credito","Retirada",185,120
2021-06-27 12:23:22,"Produto 4",5,25,28,"Cliente 1","Endereco 7","Debito","Retirada",140,15
2021-07-02 07:17:05,"Produto 3",4,13,28,"Cliente 3","Endereco 8","Credito","Retirada",112,60
2021-06-18 13:04:35,"Produto 2",5,13,28,"Cliente 7","Endereco 5","Debito","Retirada",140,75
2021-06-20 18:18:29,"Produto 5",2,13,17,"Cliente 1","Endereco 1","Dinheiro","Delivery",34,8
2021-06-20 23:36:44,"Produto 1",4,15,28,"Cliente 3","Endereco 8","Credito","Local",112,52
2021-06-22 01:42:30,"Produto 1",5,25,20,"Cliente 6","Endereco 2","Debito","Local",100,-25
2021-06-19 04:50:32,"Produto 3",4,28,37,"Cliente 6","Endereco 9","Dinheiro","Retirada",148,36
2021-06-17 10:08:21,"Produto 3",5,28,17,"Cliente 3","Endereco 3","Dinheiro","Local",85,-55
2021-06-16 14:33:51,"Produto 4",5,28,28,"Cliente 10","Endereco 6","Dinheiro","Local",140,0
2021-06-23 05:04:23,"Produto 1",4,13,20,"Cliente 7","Endereco 1","Dinheiro","Delivery",80,28
2021-06-21 21:35:35,"Produto 5",5,28,17,"Cliente 10","Endereco 9","Credito","Retirada",85,-55
2021-06-16 07:27:06,"Produto 4",5,25,37,"Cliente 5","Endereco 9","Credito","Retirada",185,60
2021-06-23 02:04:45,"Produto 2",4,15,32,"Cliente 4","Endereco 10","Dinheiro","Retirada",128,68
2021-06-27 10:51:37,"Produto 1",5,25,20,"Cliente 5","Endereco 3","Credito","Delivery",100,-25
2021-06-19 12:16:43,"Produto 1",2,15,20,"Cliente 10","Endereco 3","Credito","Local",40,10
2021-06-25 13:15:59,"Produto 1",5,25,28,"Cliente 8","Endereco 9","Dinheiro","Retirada",140,15
2021-06-22 05:27:20,"Produto 5",2,13,28,"Cliente 2","Endereco 4","Credito","Delivery",56,30
2021-06-22 20:47:35,"Produto 1",5,28,32,"Cliente 6","Endereco 6","Dinheiro","Retirada",160,20
2021-06-22 00:08:33,"Produto 4",5,13,17,"Cliente 8","Endereco 4","Dinheiro","Local",85,20
2021-06-19 14:54:46,"Produto 5",2,17,37,"Cliente 9","Endereco 10","Dinheiro","Delivery",74,40
2021-06-18 20:30:54,"Produto 4",5,25,37,"Cliente 3","Endereco 4","Debito","Local",185,60
2021-06-22 07:40:12,"Produto 3",2,25,32,"Cliente 4","Endereco 4","Dinheiro","Delivery",64,14
2021-06-17 22:59:47,"Produto 4",4,15,17,"Cliente 7","Endereco 10","Debito","Delivery",68,8
2021-06-16 20:20:58,"Produto 4",5,25,37,"Cliente 10","Endereco 8","Debito","Local",185,60
2021-06-14 22:42:42,"Produto 1",4,13,32,"Cliente 7","Endereco 4","Dinheiro","Delivery",128,76
2021-06-23 03:09:29,"Produto 2",5,15,32,"Cliente 7","Endereco 6","Credito","Delivery",160,85
2021-06-22 05:35:42,"Produto 2",5,25,32,"Cliente 4","Endereco 1","Debito","Retirada",160,35
2021-06-15 21:48:07,"Produto 5",4,25,37,"Cliente 1","Endereco 8","Debito","Local",148,48
2021-06-29 05:46:13,"Produto 2",2,15,17,"Cliente 4","Endereco 2","Debito","Local",34,4
2021-06-24 14:59:41,"Produto 3",2,15,17,"Cliente 10","Endereco 3","Credito","Delivery",34,4
2021-06-22 18:04:15,"Produto 4",2,13,28,"Cliente 7","Endereco 1","Debito","Retirada",56,30
2021-06-13 16:46:18,"Produto 3",2,13,28,"Cliente 8","Endereco 7","Debito","Delivery",56,30
2021-06-24 04:42:30,"Produto 2",2,25,20,"Cliente 5","Endereco 10","Dinheiro","Local",40,-10
2021-06-18 20:06:09,"Produto 3",5,15,28,"Cliente 5","Endereco 5","Debito","Delivery",140,65
2021-06-18 03:53:01,"Produto 3",2,17,17,"Cliente 3","Endereco 5","Credito","Local",34,0
2021-06-27 06:37:00,"Produto 1",5,13,20,"Cliente 2","Endereco 1","Credito","Retirada",100,35
2021-06-25 15:02:01,"Produto 5",5,28,32,"Cliente 7","Endereco 6","Dinheiro","Retirada",160,20
2021-06-24 07:51:10,"Produto 4",2,25,20,"Cliente 10","Endereco 6","Credito","Delivery",40,-10
2021-06-27 18:12:12,"Produto 2",5,13,32,"Cliente 9","Endereco 6","Credito","Delivery",160,95
2021-06-24 19:15:32,"Produto 5",4,13,32,"Cliente 8","Endereco 6","Dinheiro","Retirada",128,76
2021-06-24 20:55:24,"Produto 4",2,28,17,"Cliente 7","Endereco 5","Debito","Local",34,-22
2021-06-15 17:25:21,"Produto 5",2,15,20,"Cliente 1","Endereco 8","Credito","Local",40,10
2021-06-19 08:17:18,"Produto 5",2,25,20,"Cliente 4","Endereco 7","Debito","Retirada",40,-10
2021-06-13 17:52:30,"Produto 3",5,28,28,"Cliente 5","Endereco 6","Debito","Delivery",140,0
2021-06-20 12:29:52,"Produto 5",2,17,37,"Cliente 8","Endereco 9","Debito","Local",74,40
2021-07-02 23:45:05,"Produto 1",2,25,28,"Cliente 9","Endereco 3","Credito","Retirada",56,6
2021-06-21 13:40:05,"Produto 2",4,25,28,"Cliente 10","Endereco 4","Debito","Retirada",112,12
2021-06-26 22:27:35,"Produto 2",5,28,28,"Cliente 5","Endereco 2","Dinheiro","Retirada",140,0
2021-06-17 22:02:49,"Produto 1",2,25,20,"Cliente 2","Endereco 8","Debito","Local",40,-10
2021-06-19 10:51:31,"Produto 1",2,13,37,"Cliente 5","Endereco 8","Debito","Retirada",74,48
2021-06-24 02:41:19,"Produto 3",2,15,20,"Cliente 4","Endereco 7","Debito","Retirada",40,10
2021-06-23 01:34:07,"Produto 1",5,13,37,"Cliente 7","Endereco 8","Debito","Local",185,120
2021-06-23 04:08:48,"Produto 5",2,13,17,"Cliente 10","Endereco 8","Dinheiro","Delivery",34,8
2021-06-19 21:52:36,"Produto 1",2,15,20,"Cliente 6","Endereco 5","Dinheiro","Local",40,10
2021-06-20 13:12:23,"Produto 3",2,13,32,"Cliente 5","Endereco 2","Dinheiro","Delivery",64,38
2021-06-18 15:58:23,"Produto 3",2,25,20,"Cliente 7","Endereco 7","Dinheiro","Local",40,-10
2021-06-21 19:42:07,"Produto 1",2,13,17,"Cliente 2","Endereco 6","Debito","Local",34,8
2021-06-25 00:22:14,"Produto 4",2,15,32,"Cliente 4","Endereco 7","Credito","Delivery",64,34
2021-06-18 01:41:15,"Produto 1",4,13,28,"Cliente 10","Endereco 7","Dinheiro","Delivery",112,60
2021-06-15 15:22:42,"Produto 1",5,17,37,"Cliente 2","Endereco 7","Dinheiro","Retirada",185,100
2021-06-14 08:58:53,"Produto 1",2,13,20,"Cliente 10","Endereco 5","Credito","Retirada",40,14
2021-06-25 03:12:28,"Produto 1",2,17,37,"Cliente 6","Endereco 3","Credito","Local",74,40
2021-06-26 04:35:09,"Produto 4",4,17,28,"Cliente 6","Endereco 10","Dinheiro","Delivery",112,44
2021-06-13 10:30:22,"Produto 3",2,25,37,"Cliente 10","Endereco 9","Credito","Retirada",74,24
2021-06-23 17:26:48,"Produto 5",4,25,32,"Cliente 3","Endereco 3","Dinheiro","Local",128,28
2021-06-17 02:53:14,"Produto 1",2,28,17,"Cliente 6","Endereco 9","Dinheiro","Local",34,-22
2021-06-20 08:58:26,"Produto 4",5,17,37,"Cliente 9","Endereco 3","Credito","Local",185,100
2021-06-12 10:11:38,"Produto 1",5,13,20,"Cliente 7","Endereco 4","Credito","Retirada",100,35
2021-06-17 14:22:38,"Produto 3",5,17,17,"Cliente 4","Endereco 5","Credito","Retirada",85,0
2021-06-17 17:59:30,"Produto 5",5,15,37,"Cliente 6","Endereco 3","Credito","Local",185,110
2021-06-26 16:19:47,"Produto 1",2,28,20,"Cliente 6","Endereco 10","Dinheiro","Delivery",40,-16
2021-06-14 12:43:16,"Produto 5",5,15,17,"Cliente 3","Endereco 10","Credito","Retirada",85,10
2021-06-13 22:27:52,"Produto 3",2,17,37,"Cliente 10","Endereco 7","Dinheiro","Local",74,40
2021-06-23 17:19:12,"Produto 3",4,28,32,"Cliente 10","Endereco 2","Dinheiro","Local",128,16
2021-06-25 19:05:20,"Produto 1",5,15,17,"Cliente 2","Endereco 6","Debito","Retirada",85,10
2021-06-14 09:07:26,"Produto 5",4,13,17,"Cliente 5","Endereco 6","Debito","Delivery",68,16
2021-06-21 15:11:43,"Produto 2",2,15,32,"Cliente 6","Endereco 3","Dinheiro","Delivery",64,34
2021-06-17 10:08:17,"Produto 3",4,13,20,"Cliente 10","Endereco 9","Debito","Local",80,28
2021-06-14 14:22:09,"Produto 3",2,25,37,"Cliente 1","Endereco 10","Credito","Local",74,24
2021-06-24 14:12:54,"Produto 5",2,13,32,"Cliente 9","Endereco 6","Dinheiro","Delivery",64,38
2021-06-18 11:24:10,"Produto 3",5,13,28,"Cliente 10","Endereco 6","Credito","Delivery",140,75
2021-06-11 09:21:09,"Produto 5",2,25,28,"Cliente 6","Endereco 9","Dinheiro","Local",56,6
2021-06-20 06:38:09,"Produto 2",4,28,20,"Cliente 10","Endereco 10","Dinheiro","Delivery",80,-32
2021-06-17 15:50:46,"Produto 1",2,17,28,"Cliente 4","Endereco 4","Dinheiro","Delivery",56,22
2021-06-22 00:57:53,"Produto 4",2,15,32,"Cliente 4","Endereco 7","Credito","Retirada",64,34
2021-06-27 23:51:30,"Produto 2",5,15,37,"Cliente 10","Endereco 4","Credito","Retirada",185,110
2021-06-13 15:12:05,"Produto 4",2,13,32,"Cliente 6","Endereco 1","Dinheiro","Delivery",64,38
2021-06-19 07:40:18,"Produto 3",2,15,17,"Cliente 2","Endereco 1","Dinheiro","Retirada",34,4
2021-06-17 23:48:58,"Produto 5",2,25,17,"Cliente 10","Endereco 1","Credito","Local",34,-16
2021-06-26 17:04:47,"Produto 4",5,15,32,"Cliente 10","Endereco 7","Debito","Delivery",160,85
2021-06-21 08:09:42,"Produto 3",2,13,20,"Cliente 7","Endereco 3","Debito","Retirada",40,14
2021-06-15 12:38:46,"Produto 2",2,15,28,"Cliente 3","Endereco 7","Debito","Delivery",56,26
2021-06-21 15:44:31,"Produto 1",2,17,37,"Cliente 4","Endereco 7","Debito","Retirada",74,40
2021-06-19 17:22:57,"Produto 3",2,13,37,"Cliente 7","Endereco 8","Dinheiro","Delivery",74,48
2021-06-19 21:51:07,"Produto 4",5,25,28,"Cliente 6","Endereco 8","Credito","Retirada",140,15
2021-06-14 04:16:15,"Produto 3",4,17,28,"Cliente 5","Endereco 7","Dinheiro","Retirada",112,44
2021-06-20 19:11:19,"Produto 5",4,13,32,"Cliente 8","Endereco 9","Credito","Retirada",128,76
2021-06-27 15:01:00,"Produto 2",4,17,28,"Cliente 5","Endereco 4","Credito","Delivery",112,44
2021-06-13 09:38:16,"Produto 1",5,13,17,"Cliente 6","Endereco 1","Credito","Retirada",85,20
2021-06-16 10:14:57,"Produto 4",5,13,37,"Cliente 3","Endereco 7","Credito","Retirada",185,120
2021-06-29 17:02:19,"Produto 4",5,25,28,"Cliente 1","Endereco 7","Debito","Retirada",140,15
2021-06-25 06:28:16,"Produto 3",4,13,28,"Cliente 3","Endereco 8","Credito","Retirada",112,60
2021-06-26 00:42:15,"Produto 2",5,13,28,"Cliente 7","Endereco 5","Debito","Retirada",140,75
2021-06-14 08:24:35,"Produto 5",2,13,17,"Cliente 1","Endereco 1","Dinheiro","Delivery",34,8
2021-06-18 21:15:34,"Produto 1",4,15,28,"Cliente 3","Endereco 8","Credito","Local",112,52
2021-06-18 17:34:07,"Produto 1",5,25,20,"Cliente 6","Endereco 2","Debito","Local",100,-25
2021-06-22 08:25:46,"Produto 3",4,28,37,"Cliente 6","Endereco 9","Dinheiro","Retirada",148,36
2021-06-15 15:41:24,"Produto 3",5,28,17,"Cliente 3","Endereco 3","Dinheiro","Local",85,-55
2021-06-19 22:04:21,"Produto 4",5,28,28,"Cliente 10","Endereco 6","Dinheiro","Local",140,0
2021-06-22 18:25:29,"Produto 1",4,13,20,"Cliente 7","Endereco 1","Dinheiro","Delivery",80,28
2021-06-21 13:19:54,"Produto 5",5,28,17,"Cliente 10","Endereco 9","Credito","Retirada",85,-55
2021-06-19 21:32:32,"Produto 4",5,25,37,"Cliente 5","Endereco 9","Credito","Retirada",185,60
2021-06-25 06:51:30,"Produto 2",4,15,32,"Cliente 4","Endereco 10","Dinheiro","Retirada",128,68
2021-06-21 12:43:26,"Produto 1",5,25,20,"Cliente 5","Endereco 3","Credito","Delivery",100,-25
2021-06-18 17:55:12,"Produto 1",2,15,20,"Cliente 10","Endereco 3","Credito","Local",40,10
2021-06-22 02:29:29,"Produto 1",5,25,28,"Cliente 8","Endereco 9","Dinheiro","Retirada",140,15
2021-06-12 01:13:40,"Produto 5",2,13,28,"Cliente 2","Endereco 4","Credito","Delivery",56,30
2021-06-26 13:06:33,"Produto 1",5,28,32,"Cliente 6","Endereco 6","Dinheiro","Retirada",160,20
2021-06-22 21:16:44,"Produto 4",5,13,17,"Cliente 8","Endereco 4","Dinheiro","Local",85,20
2021-06-20 04:02:04,"Produto 5",2,17,37,"Cliente 9","Endereco 10","Dinheiro","Delivery",74,40
2021-06-18 07:38:28,"Produto 4",5,25,37,"Cliente 3","Endereco 4","Debito","Local",185,60
2021-06-13 21:52:46,"Produto 3",2,25,32,"Cliente 4","Endereco 4","Dinheiro","Delivery",64,14
2021-06-22 11:14:21,"Produto 4",4,15,17,"Cliente 7","Endereco 10","Debito","Delivery",68,8
2021-06-21 07:45:04,"Produto 4",5,25,37,"Cliente 10","Endereco 8","Debito","Local",185,60
2021-06-23 08:02:33,"Produto 1",4,13,32,"Cliente 7","Endereco 4","Dinheiro","Delivery",128,76
2021-06-22 13:40:10,"Produto 2",5,15,32,"Cliente 7","Endereco 6","Credito","Delivery",160,85
2021-06-18 04:30:59,"Produto 2",5,25,32,"Cliente 4","Endereco 1","Debito","Retirada",160,35
2021-06-12 10:02:21,"Produto 5",4,25,37,"Cliente 1","Endereco 8","Debito","Local",148,48
2021-06-16 04:57:43,"Produto 2",2,15,17,"Cliente 4","Endereco 2","Debito","Local",34,4
2021-06-19 16:21:17,"Produto 3",2,15,17,"Cliente 10","Endereco 3","Credito","Delivery",34,4
2021-06-21 23:11:52,"Produto 4",2,13,28,"Cliente 7","Endereco 1","Debito","Retirada",56,30
2021-06-19 18:48:39,"Produto 3",2,13,28,"Cliente 8","Endereco 7","Debito","Delivery",56,30
2021-06-26 04:04:45,"Produto 2",2,25,20,"Cliente 5","Endereco 10","Dinheiro","Local",40,-10
2021-06-21 10:57:01,"Produto 3",5,15,28,"Cliente 5","Endereco 5","Debito","Delivery",140,65
2021-06-16 07:20:55,"Produto 3",2,17,17,"Cliente 3","Endereco 5","Credito","Local",34,0
2021-06-20 20:30:22,"Produto 1",5,13,20,"Cliente 2","Endereco 1","Credito","Retirada",100,35
2021-06-24 22:41:46,"Produto 5",5,28,32,"Cliente 7","Endereco 6","Dinheiro","Retirada",160,20
2021-06-21 08:13:24,"Produto 4",2,25,20,"Cliente 10","Endereco 6","Credito","Delivery",40,-10
2021-06-17 20:59:07,"Produto 2",5,13,32,"Cliente 9","Endereco 6","Credito","Delivery",160,95
2021-06-25 23:55:18,"Produto 5",4,13,32,"Cliente 8","Endereco 6","Dinheiro","Retirada",128,76
2021-06-23 21:21:51,"Produto 4",2,28,17,"Cliente 7","Endereco 5","Debito","Local",34,-22
2021-06-20 14:02:01,"Produto 5",2,15,20,"Cliente 1","Endereco 8","Credito","Local",40,10
2021-06-26 20:56:54,"Produto 5",2,25,20,"Cliente 4","Endereco 7","Debito","Retirada",40,-10
2021-06-13 09:17:50,"Produto 3",5,28,28,"Cliente 5","Endereco 6","Debito","Delivery",140,0
2021-06-18 08:03:27,"Produto 5",2,17,37,"Cliente 8","Endereco 9","Debito","Local",74,40
2021-06-26 10:18:22,"Produto 1",2,25,28,"Cliente 9","Endereco 3","Credito","Retirada",56,6
2021-06-28 06:19:30,"Produto 2",4,25,28,"Cliente 10","Endereco 4","Debito","Retirada",112,12
2021-06-20 23:31:22,"Produto 2",5,28,28,"Cliente 5","Endereco 2","Dinheiro","Retirada",140,0
